Piplup,Pok�mon,BREAKthrough,36,{W},0
M Glalie-EX,Pok�mon,BREAKthrough,35,{W},0
Glalie-EX,Pok�mon,BREAKthrough,34,{W},0
Octillery,Pok�mon,BREAKthrough,33,{W},0
Remoraid,Pok�mon,BREAKthrough,32,{W},0
Remoraid,Pok�mon,BREAKthrough,31,{W},0
Starmie,Pok�mon,BREAKthrough,30,{W},0
Staryu,Pok�mon,BREAKthrough,29,{W},0
Seaking,Pok�mon,BREAKthrough,28,{W},0
Goldeen,Pok�mon,BREAKthrough,27,{W},0
Braixen,Pok�mon,BREAKthrough,26,{R},0
Fennekin,Pok�mon,BREAKthrough,25,{R},0
Simisear,Pok�mon,BREAKthrough,24,{R},0
Pansear,Pok�mon,BREAKthrough,23,{R},0
M Houndoom-EX,Pok�mon,BREAKthrough,22,{R},0
Houndoom-EX,Pok�mon,BREAKthrough,21,{R},0
Typhlosion,Pok�mon,BREAKthrough,20,{R},0
Quilava,Pok�mon,BREAKthrough,19,{R},0
Cyndaquil,Pok�mon,BREAKthrough,18,{R},0
Gogoat,Pok�mon,BREAKthrough,17,{G},0
Skiddo,Pok�mon,BREAKthrough,16,{G},0
Vivillon,Pok�mon,BREAKthrough,15,{G},0
Spewpa,Pok�mon,BREAKthrough,14,{G},0
Scatterbug,Pok�mon,BREAKthrough,13,{G},0
Chesnaught BREAK,Pok�mon,BREAKthrough,12,{G},0
Chesnaught,Pok�mon,BREAKthrough,11,{G},0
Quilladin,Pok�mon,BREAKthrough,10,{G},0
Chespin,Pok�mon,BREAKthrough,9,{G},0
Chespin,Pok�mon,BREAKthrough,8,{G},0
Chespin,Pok�mon,BREAKthrough,7,{G},0
Simisage,Pok�mon,BREAKthrough,6,{G},0
Pansage,Pok�mon,BREAKthrough,5,{G},0
Cacnea,Pok�mon,BREAKthrough,4,{G},0
Pinsir,Pok�mon,BREAKthrough,3,{G},0
Parasect,Pok�mon,BREAKthrough,2,{G},0
Paras,Pok�mon,BREAKthrough,1,{G},0
Rayquaza-EX,Pok�mon,XY Promos,74,{N},0
Latios-EX,Pok�mon,XY Promos,73,{N},0
Hoopa-EX,Pok�mon,XY Promos,72,{P},0
Tyrantrum-EX,Pok�mon,XY Promos,71,{N},0
Champions Festival,Trainer,XY Promos,92,0,Stadium
Rayquaza-EX,Pok�mon,XY Promos,70,{C},0
Rayquaza-EX,Pok�mon,XY Promos,66,{C},0
Latios,Pok�mon,XY Promos,65,{P},0
Rayquaza,Pok�mon,XY Promos,64,{N},0
M Absol-EX,Pok�mon,XY Promos,63,{D},0
Absol-EX,Pok�mon,XY Promos,62,{D},0
Flygon-EX,Pok�mon,XY Promos,61,{N},0
Gyarados,Pok�mon,XY Promos,60,{W},0
Salamence,Pok�mon,XY Promos,59,{N},0
Malamar,Pok�mon,XY Promos,58,{D},0
Fearow,Pok�mon,XY Promos,57,{C},0
Blissey,Pok�mon,XY Promos,56,{C},0
Blaziken-EX,Pok�mon,XY Promos,54,{R},0
Sceptile-EX,Pok�mon,XY Promos,53,{G},0
Trainers� Mail,Trainer,Ancient Origins,101,0,Item
Energy Retrieval,Trainer,Ancient Origins,100,0,Item
M Rayquaza-EX,Pok�mon,Ancient Origins,99,{C},0
Primal Groudon-EX,Pok�mon,Ancient Origins,98,{F},0
Primal Kyogre-EX,Pok�mon,Ancient Origins,97,{W},0
Steven,Trainer,Ancient Origins,96,0,Supporter
Lugia-EX,Pok�mon,Ancient Origins,95,{C},0
Giratina-EX,Pok�mon,Ancient Origins,94,{N},0
M Tyranitar-EX,Pok�mon,Ancient Origins,93,{D},0
Tyranitar-EX,Pok�mon,Ancient Origins,92,{D},0
Machamp-EX,Pok�mon,Ancient Origins,91,{F},0
Hoopa-EX,Pok�mon,Ancient Origins,90,{P},0
M Ampharos-EX,Pok�mon,Ancient Origins,89,{L},0
Ampharos-EX,Pok�mon,Ancient Origins,88,{L},0
Kyurem-EX,Pok�mon,Ancient Origins,87,{W},0
M Sceptile-EX,Pok�mon,Ancient Origins,86,{G},0
Sceptile-EX,Pok�mon,Ancient Origins,85,{G},0
Flash Energy,Energy,Ancient Origins,84,{G},0
Dangerous Energy,Energy,Ancient Origins,83,{G},0
Tyranitar Spirit Link,Trainer,Ancient Origins,82,0,Pok�mon Tool
Sceptile Spirit Link,Trainer,Ancient Origins,81,0,Pok�mon Tool
Paint Roller,Trainer,Ancient Origins,80,0,Item
Lysandre,Trainer,Ancient Origins,79,0,Supporter
Lucky Helmet,Trainer,Ancient Origins,78,0,Pok�mon Tool
Level Ball,Trainer,Ancient Origins,77,0,Item
Hex Maniac,Trainer,Ancient Origins,75,0,Supporter
Forest of Giant Plants,Trainer,Ancient Origins,74,0,Stadium
Faded Town,Trainer,Ancient Origins,73,0,Stadium
Energy Recycler,Trainer,Ancient Origins,72,0,Item
Eco Arm,Trainer,Ancient Origins,71,0,Item
Ampharos Spirit Link,Trainer,Ancient Origins,70,0,Pok�mon Tool
Ace Trainer,Trainer,Ancient Origins,69,0,Supporter
Lugia-EX,Pok�mon,Ancient Origins,68,{C},0
Porygon-Z,Pok�mon,Ancient Origins,67,{C},0
Porygon-Z,Pok�mon,Ancient Origins,66,{C},0
Porygon2,Pok�mon,Ancient Origins,65,{C},0
Porygon,Pok�mon,Ancient Origins,64,{C},0
Eevee,Pok�mon,Ancient Origins,63,{C},0
Persian,Pok�mon,Ancient Origins,62,{C},0
Meowth,Pok�mon,Ancient Origins,61,{C},0
Goodra,Pok�mon,Ancient Origins,60,{N},0
Sliggoo,Pok�mon,Ancient Origins,59,{N},0
Goomy,Pok�mon,Ancient Origins,58,{N},0
Giratina-EX,Pok�mon,Ancient Origins,57,{N},0
Whimsicott,Pok�mon,Ancient Origins,56,{Y},0
Cottonee,Pok�mon,Ancient Origins,55,{Y},0
Gardevoir,Pok�mon,Ancient Origins,54,{Y},0
Kirlia,Pok�mon,Ancient Origins,53,{Y},0
Ralts,Pok�mon,Ancient Origins,52,{Y},0
Registeel,Pok�mon,Ancient Origins,51,{M},0
Metagross,Pok�mon,Ancient Origins,50,{M},0
Metagross,Pok�mon,Ancient Origins,49,{M},0
Metang,Pok�mon,Ancient Origins,48,{M},0
Beldum,Pok�mon,Ancient Origins,47,{M},0
Malamar,Pok�mon,Ancient Origins,46,{D},0
Inkay,Pok�mon,Ancient Origins,45,{D},0
Sableye,Pok�mon,Ancient Origins,44,{D},0
M Tyranitar-EX,Pok�mon,Ancient Origins,43,{D},0
Tyranitar-EX,Pok�mon,Ancient Origins,42,{D},0
Golurk,Pok�mon,Ancient Origins,41,{F},0
Regirock,Pok�mon,Ancient Origins,40,{F},0
Quagsire,Pok�mon,Ancient Origins,39,{F},0
Wooper,Pok�mon,Ancient Origins,38,{F},0
Machamp-EX,Pok�mon,Ancient Origins,37,{F},0
Hoopa-EX,Pok�mon,Ancient Origins,36,{P},0
Golurk,Pok�mon,Ancient Origins,35,{P},0
Golett,Pok�mon,Ancient Origins,34,{P},0
Claydol,Pok�mon,Ancient Origins,33,{P},0
Baltoy,Pok�mon,Ancient Origins,32,{P},0
Baltoy,Pok�mon,Ancient Origins,31,{P},0
Unown,Pok�mon,Ancient Origins,30,{P},0
Rotom,Pok�mon,Ancient Origins,29,{L},0
M Ampharos-EX,Pok�mon,Ancient Origins,28,{L},0
Ampharos-EX,Pok�mon,Ancient Origins,27,{L},0
Jolteon,Pok�mon,Ancient Origins,26,{L},0
Kyurem-EX,Pok�mon,Ancient Origins,25,{W},0
Regice,Pok�mon,Ancient Origins,24,{W},0
Relicanth,Pok�mon,Ancient Origins,23,{W},0
Vaporeon,Pok�mon,Ancient Origins,22,{W},0
Gyarados,Pok�mon,Ancient Origins,21,{W},0
Gyarados,Pok�mon,Ancient Origins,20,{W},0Magikarp,Pok�mon,Ancient Origins,19,{W},0
Volcarona,Pok�mon,Ancient Origins,18,{R},0
Volcarona,Pok�mon,Ancient Origins,17,{R},0
Larvesta,Pok�mon,Ancient Origins,16,{R},0
Entei,Pok�mon,Ancient Origins,15,{R},0
Entei,Pok�mon,Ancient Origins,14,{R},0
Flareon,Pok�mon,Ancient Origins,13,{R},0
Virizion,Pok�mon,Ancient Origins,12,{G},0
Vespiquen,Pok�mon,Ancient Origins,11,{G},0
Vespiquen,Pok�mon,Ancient Origins,10,{G},0
Combee,Pok�mon,Ancient Origins,9,{G},0
M Sceptile-EX,Pok�mon,Ancient Origins,8,{G},0
Sceptile-EX,Pok�mon,Ancient Origins,7,{G},0
Ariados,Pok�mon,Ancient Origins,6,{G},0
Spinarak,Pok�mon,Ancient Origins,5,{G},0
Bellossom,Pok�mon,Ancient Origins,4,{G},0
Vileplume,Pok�mon,Ancient Origins,3,{G},0
Gloom,Pok�mon,Ancient Origins,2,{G},0
Oddish,Pok�mon,Ancient Origins,1,{G},0
Swampert-EX,Pok�mon,XY Promos,55,{W},0
VS Seeker,Trainer,Roaring Skies,112,0,Item
Energy Switch,Trainer,Roaring Skies,111,0,Item
Winona,Trainer,Roaring Skies,110,0,Supporter
Wally,Trainer,Roaring Skies,109,0,Supporter
Shaymin-EX,Pok�mon,Roaring Skies,108,{C},0
M Rayquaza-EX,Pok�mon,Roaring Skies,107,{C},0
Rayquaza-EX,Pok�mon,Roaring Skies,106,{C},0
Hydreigon-EX,Pok�mon,Roaring Skies,105,{N},0
M Latios-EX,Pok�mon,Roaring Skies,104,{N},0
Latios-EX,Pok�mon,Roaring Skies,103,{N},0
M Gallade-EX,Pok�mon,Roaring Skies,102,{P},0
Gallade-EX,Pok�mon,Roaring Skies,101,{P},0
Thundurus-EX,Pok�mon,Roaring Skies,100,{L},0
Double Dragon Energy,Energy,Roaring Skies,99,{L},0
Winona,Trainer,Roaring Skies,98,0,Supporter
Wide Lens,Trainer,Roaring Skies,97,0,Pok�mon Tool
Wally,Trainer,Roaring Skies,96,0,Supporter
Ultra Ball,Trainer,Roaring Skies,95,0,Item
Trainers� Mail,Trainer,Roaring Skies,93,0,Item
Switch,Trainer,Roaring Skies,92,0,Item
Steven,Trainer,Roaring Skies,91,0,Supporter
Sky Field,Trainer,Roaring Skies,90,0,Stadium
Revive,Trainer,Roaring Skies,89,0,Item
Rayquaza Spirit Link,Trainer,Roaring Skies,88,0,Pok�mon Tool
Mega Turbo,Trainer,Roaring Skies,87,0,Item
Latios Spirit Link,Trainer,Roaring Skies,86,0,Pok�mon Tool
Healing Scarf,Trainer,Roaring Skies,85,0,Pok�mon Tool
Gallade Spirit Link,Trainer,Roaring Skies,84,0,Pok�mon Tool
Fletchling,Pok�mon,Roaring Skies,83,{C},0
Unfezant,Pok�mon,Roaring Skies,82,{C},0
Unfezant,Pok�mon,Roaring Skies,81,{C},0
Tranquill,Pok�mon,Roaring Skies,80,{C},0
Pidove,Pok�mon,Roaring Skies,79,{C},0
Shaymin-EX,Pok�mon,Roaring Skies,77,{C},0
M Rayquaza-EX,Pok�mon,Roaring Skies,76,{C},0
Rayquaza-EX,Pok�mon,Roaring Skies,75,{C},0
Altaria,Pok�mon,Roaring Skies,74,{C},0
Swablu,Pok�mon,Roaring Skies,73,{C},0
Swellow,Pok�mon,Roaring Skies,72,{C},0
Swellow,Pok�mon,Roaring Skies,71,{C},0
Taillow,Pok�mon,Roaring Skies,70,{C},0
Skarmory,Pok�mon,Roaring Skies,69,{C},0
Dunsparce,Pok�mon,Roaring Skies,68,{C},0
Meowth,Pok�mon,Roaring Skies,67,{C},0
Fearow,Pok�mon,Roaring Skies,66,{C},0
Spearow,Pok�mon,Roaring Skies,65,{C},0
Zekrom,Pok�mon,Roaring Skies,64,{N},0
Reshiram,Pok�mon,Roaring Skies,63,{N},0
Hydreigon-EX,Pok�mon,Roaring Skies,62,{N},0
M Rayquaza-EX,Pok�mon,Roaring Skies,61,{N},0
Rayquaza-EX,Pok�mon,Roaring Skies,60,{N},0
M Latios-EX,Pok�mon,Roaring Skies,59,{N},0
Latios-EX,Pok�mon,Roaring Skies,58,{N},0
Salamence,Pok�mon,Roaring Skies,57,{N},0
Shelgon,Pok�mon,Roaring Skies,56,{N},0
Bagon,Pok�mon,Roaring Skies,55,{N},0
Bagon,Pok�mon,Roaring Skies,54,{N},0
Altaria,Pok�mon,Roaring Skies,53,{N},0
Dragonite,Pok�mon,Roaring Skies,52,{N},0
Dragonite,Pok�mon,Roaring Skies,51,{N},0
Pangoro,Pok�mon,XY Promos,50,{F},0
Dragonair,Pok�mon,Roaring Skies,50,{N},0
Regirock,Pok�mon,XY Promos,49,{F},0
Dratini,Pok�mon,Roaring Skies,49,{N},0
Klefki,Pok�mon,Roaring Skies,48,{Y},0
Meowstic,Pok�mon,XY Promos,48,{P},0
Heliolisk,Pok�mon,XY Promos,47,{L},0
Carbink,Pok�mon,Roaring Skies,47,{Y},0
Togekiss,Pok�mon,Roaring Skies,46,{Y},0
Altaria,Pok�mon,XY Promos,46,{C},0
Togekiss,Pok�mon,Roaring Skies,45,{Y},0
Togetic,Pok�mon,Roaring Skies,44,{Y},0
Togepi,Pok�mon,Roaring Skies,43,{Y},0
Jirachi,Pok�mon,Roaring Skies,42,{M},0
Inkay,Pok�mon,Roaring Skies,41,{D},0
Absol,Pok�mon,Roaring Skies,40,{D},0
Hawlucha,Pok�mon,Roaring Skies,39,{F},0
Binacle,Pok�mon,Roaring Skies,38,{F},0
Gliscor,Pok�mon,Roaring Skies,37,{F},0
Gligar,Pok�mon,Roaring Skies,36,{F},0
M Gallade-EX,Pok�mon,Roaring Skies,35,{P},0
Gallade-EX,Pok�mon,Roaring Skies,34,{P},0
Deoxys,Pok�mon,Roaring Skies,33,{P},0
Banette,Pok�mon,Roaring Skies,32,{P},0
Banette,Pok�mon,Roaring Skies,31,{P},0
Shuppet,Pok�mon,Roaring Skies,30,{P},0
Xatu,Pok�mon,Roaring Skies,29,{P},0
Natu,Pok�mon,Roaring Skies,28,{P},0
Natu,Pok�mon,Roaring Skies,27,{P},0
Thundurus-EX,Pok�mon,Roaring Skies,26,{L},0
Manectric,Pok�mon,Roaring Skies,25,{L},0
Electrike,Pok�mon,Roaring Skies,24,{L},0
Zapdos,Pok�mon,Roaring Skies,23,{L},0
Electrode,Pok�mon,Roaring Skies,22,{L},0
Voltorb,Pok�mon,Roaring Skies,21,{L},0
Pikachu,Pok�mon,Roaring Skies,20,{L},0
Pelipper,Pok�mon,Roaring Skies,19,{W},0
Wingull,Pok�mon,Roaring Skies,18,{W},0
Articuno,Pok�mon,Roaring Skies,17,{W},0
Articuno,Pok�mon,Roaring Skies,16,{W},0
Talonflame,Pok�mon,Roaring Skies,15,{R},0
Fletchinder,Pok�mon,Roaring Skies,14,{R},0
Victini,Pok�mon,Roaring Skies,13,{R},0
Tropius,Pok�mon,Roaring Skies,12,{G},0
Shedinja,Pok�mon,Roaring Skies,11,{G},0
Ninjask,Pok�mon,Roaring Skies,10,{G},0
Nincada,Pok�mon,Roaring Skies,9,{G},0
Dustox,Pok�mon,Roaring Skies,8,{G},0
Dustox,Pok�mon,Roaring Skies,7,{G},0
Cascoon,Pok�mon,Roaring Skies,6,{G},0
Beautifly,Pok�mon,Roaring Skies,5,{G},0
Silcoon,Pok�mon,Roaring Skies,4,{G},0
Wurmple,Pok�mon,Roaring Skies,3,{G},0
Exeggutor,Pok�mon,Roaring Skies,2,{G},0
Exeggcute,Pok�mon,Roaring Skies,1,{G},0
Latios,Pok�mon,XY Trainer Kit�Latios,30,{P},0
Latias,Pok�mon,XY Trainer Kit�Latias,30,{P},0
Acro Bike,Trainer,XY Trainer Kit�Latias,29,0,Item
Psychic Energy,Energy,XY Trainer Kit�Latios,29,0,Item
Psychic Energy,Energy,XY Trainer Kit�Latias,28,0,Item
Machop,Pok�mon,XY Trainer Kit�Latios,28,{F},0
Grovyle,Pok�mon,XY Trainer Kit�Latias,27,{G},0
Skitty,Pok�mon,XY Trainer Kit�Latios,27,{C},0
Tangela,Pok�mon,XY Trainer Kit�Latias,26,{G},0
Solrock,Pok�mon,XY Trainer Kit�Latios,26,{F},0
Rhydon,Pok�mon,XY Trainer Kit�Latios,25,{F},0
Tangrowth,Pok�mon,XY Trainer Kit�Latias,25,{G},0
Delcatty,Pok�mon,XY Trainer Kit�Latios,24,{C},0
Treecko,Pok�mon,XY Trainer Kit�Latias,24,{G},0
Rhyhorn,Pok�mon,XY Trainer Kit�Latios,23,{F},0
Lotad,Pok�mon,XY Trainer Kit�Latias,23,{G},0
Machoke,Pok�mon,XY Trainer Kit�Latios,22,{F},0
Psychic Energy,Energy,XY Trainer Kit�Latias,22,{F},0
Potion,Trainer,XY Trainer Kit�Latios,21,0,Item
Lombre,Pok�mon,XY Trainer Kit�Latias,21,{G},0
Acro Bike,Trainer,XY Trainer Kit�Latias,20,0,Item
Acro Bike,Trainer,XY Trainer Kit�Latios,20,0,Item
Grass Energy,Energy,XY Trainer Kit�Latias,19,0,Item
Delcatty,Pok�mon,XY Trainer Kit�Latios,19,{C},0
Grovyle,Pok�mon,XY Trainer Kit�Latias,18,{G},0
Psychic Energy,Energy,XY Trainer Kit�Latios,18,{G},0
Psychic Energy,Energy,XY Trainer Kit�Latias,17,{G},0
Fighting Energy,Energy,XY Trainer Kit�Latios,17,{G},0
Surskit,Pok�mon,XY Trainer Kit�Latias,16,{G},0
Psychic Energy,Energy,XY Trainer Kit�Latios,16,{G},0
Potion,Trainer,XY Trainer Kit�Latias,15,0,Item
Rhyhorn,Pok�mon,XY Trainer Kit�Latios,15,{F},0
Machoke,Pok�mon,XY Trainer Kit�Latios,14,{F},0
Latias,Pok�mon,XY Trainer Kit�Latias,14,{P},0
Latios,Pok�mon,XY Trainer Kit�Latios,13,{P},0
Tangela,Pok�mon,XY Trainer Kit�Latias,13,{G},0
Solrock,Pok�mon,XY Trainer Kit�Latios,12,{F},0
Tangrowth,Pok�mon,XY Trainer Kit�Latias,12,{G},0
Machop,Pok�mon,XY Trainer Kit�Latios,11,{F},0
Lotad,Pok�mon,XY Trainer Kit�Latias,11,{G},0
Fighting Energy,Energy,XY Trainer Kit�Latios,10,{G},0
Psychic Energy,Energy,XY Trainer Kit�Latias,10,{G},0
Fighting Energy,Energy,XY Trainer Kit�Latios,9,{G},0
Psychic Energy,Energy,XY Trainer Kit�Latias,9,{G},0
Psychic Energy,Energy,XY Trainer Kit�Latias,8,{G},0
Fighting Energy,Energy,XY Trainer Kit�Latios,8,{G},0
Treecko,Pok�mon,XY Trainer Kit�Latias,7,{G},0
Fighting Energy,Energy,XY Trainer Kit�Latios,7,{G},0
Lombre,Pok�mon,XY Trainer Kit�Latias,6,{G},0
Fighting Energy,Energy,XY Trainer Kit�Latios,6,{G},0
Grass Energy,Energy,XY Trainer Kit�Latias,5,{G},0
Fighting Energy,Energy,XY Trainer Kit�Latios,5,{G},0
Fletchling,Pok�mon,XY Trainer Kit�Latias,4,{C},0
Rhydon,Pok�mon,XY Trainer Kit�Latios,4,{F},0
Grass Energy,Energy,XY Trainer Kit�Latias,3,{F},0
Fighting Energy,Energy,XY Trainer Kit�Latios,3,{F},0
Grass Energy,Energy,XY Trainer Kit�Latias,2,{F},0
Fighting Energy,Energy,XY Trainer Kit�Latios,2,{F},0
Skitty,Pok�mon,XY Trainer Kit�Latios,1,{C},0
Grass Energy,Energy,XY Trainer Kit�Latias,1,{C},0
Groudon,Pok�mon,XY Promos,52,{F},0
Kyogre,Pok�mon,XY Promos,51,{W},0
Double Magma Energy,Energy,Double Crisis,34,{W},0
Double Aqua Energy,Energy,Double Crisis,33,{W},0
Team Magma�s Secret Base,Trainer,Double Crisis,32,0,Stadium
Team Magma�s Great Ball,Trainer,Double Crisis,31,0,Item
Team Magma Grunt,Trainer,Double Crisis,30,0,Supporter
Team Magma Admin,Trainer,Double Crisis,29,0,Supporter
Team Aqua�s Secret Base,Trainer,Double Crisis,28,0,Stadium
Team Aqua�s Great Ball,Trainer,Double Crisis,27,0,Item
Team Aqua Grunt,Trainer,Double Crisis,26,0,Supporter
Team Aqua Admin,Trainer,Double Crisis,25,0,Supporter
Magma Pointer,Trainer,Double Crisis,24,0,Pok�mon Tool
Aqua Diffuser,Trainer,Double Crisis,23,0,Pok�mon Tool
Team Magma�s Zangoose,Pok�mon,Double Crisis,22,{C},0
Team Aqua�s Sharpedo,Pok�mon,Double Crisis,21,{D},0
Team Aqua�s Carvanha,Pok�mon,Double Crisis,20,{D},0
Team Magma�s Mightyena,Pok�mon,Double Crisis,19,{D},0
Team Aqua�s Mightyena,Pok�mon,Double Crisis,18,{D},0
Team Magma�s Poochyena,Pok�mon,Double Crisis,17,{D},0
Team Aqua�s Poochyena,Pok�mon,Double Crisis,16,{D},0
Team Magma�s Groudon-EX,Pok�mon,Double Crisis,15,{F},0
Team Magma�s Aggron,Pok�mon,Double Crisis,14,{F},0
Team Magma�s Lairon,Pok�mon,Double Crisis,13,{F},0
Team Magma�s Aron,Pok�mon,Double Crisis,12,{F},0
Team Magma�s Claydol,Pok�mon,Double Crisis,11,{P},0
Team Magma�s Baltoy,Pok�mon,Double Crisis,10,{P},0
Team Aqua�s Seviper,Pok�mon,Double Crisis,9,{P},0
Team Aqua�s Muk,Pok�mon,Double Crisis,8,{P},0
Team Aqua�s Grimer,Pok�mon,Double Crisis,7,{P},0
Team Aqua�s Kyogre-EX,Pok�mon,Double Crisis,6,{W},0
Team Aqua�s Walrein,Pok�mon,Double Crisis,5,{W},0
Team Aqua�s Sealeo,Pok�mon,Double Crisis,4,{W},0
Team Aqua�s Spheal,Pok�mon,Double Crisis,3,{W},0
Team Magma�s Camerupt,Pok�mon,Double Crisis,2,{R},0
Team Magma�s Numel,Pok�mon,Double Crisis,1,{R},0
Weakness Policy,Trainer,Primal Clash,164,0,Pok�mon Tool
Switch,Trainer,Primal Clash,163,0,Item
Enhanced Hammer,Trainer,Primal Clash,162,0,Item
Dive Ball,Trainer,Primal Clash,161,0,Item
Teammates,Trainer,Primal Clash,160,0,Supporter
Professor Birch�s Observations,Trainer,Primal Clash,159,0,Supporter
Maxie�s Hidden Ball Trick,Trainer,Primal Clash,158,0,Supporter
Archie�s Ace in the Hole,Trainer,Primal Clash,157,0,Supporter
M Gardevoir-EX,Pok�mon,Primal Clash,156,{Y},0
Gardevoir-EX,Pok�mon,Primal Clash,155,{Y},0
M Aggron-EX,Pok�mon,Primal Clash,154,{M},0
Aggron-EX,Pok�mon,Primal Clash,153,{M},0
Sharpedo-EX,Pok�mon,Primal Clash,152,{D},0
Primal Groudon-EX,Pok�mon,Primal Clash,151,{F},0
Groudon-EX,Pok�mon,Primal Clash,150,{F},0
Primal Kyogre-EX,Pok�mon,Primal Clash,149,{W},0
Kyogre-EX,Pok�mon,Primal Clash,148,{W},0
Wailord-EX,Pok�mon,Primal Clash,147,{W},0
Camerupt-EX,Pok�mon,Primal Clash,146,{R},0
Trevenant-EX,Pok�mon,Primal Clash,145,{G},0
Wonder Energy,Energy,Primal Clash,144,{G},0
Shield Energy,Energy,Primal Clash,143,{G},0
Weakness Policy,Trainer,Primal Clash,142,0,Pok�mon Tool
Teammates,Trainer,Primal Clash,141,0,Supporter
Silent Lab,Trainer,Primal Clash,140,0,Stadium
Shrine of Memories,Trainer,Primal Clash,139,0,Stadium
Scorched Earth,Trainer,Primal Clash,138,0,Stadium
Rough Seas,Trainer,Primal Clash,137,0,Stadium
Repeat Ball,Trainer,Primal Clash,136,0,Item
Rare Candy,Trainer,Primal Clash,135,0,Item
Professor Birch�s Observations,Trainer,Primal Clash,134,0,Supporter
Maxie�s Hidden Ball Trick,Trainer,Primal Clash,133,0,Supporter
Kyogre Spirit Link,Trainer,Primal Clash,132,0,Pok�mon Tool
Groudon Spirit Link,Trainer,Primal Clash,131,0,Pok�mon Tool
Gardevoir Spirit Link,Trainer,Primal Clash,130,0,Pok�mon Tool
Fresh Water Set,Trainer,Primal Clash,129,0,Item
Exp. Share,Trainer,Primal Clash,128,0,Pok�mon Tool
Escape Rope,Trainer,Primal Clash,127,0,Item
Energy Retrieval,Trainer,Primal Clash,126,0,Item
Dive Ball,Trainer,Primal Clash,125,0,Item
Archie�s Ace in the Hole,Trainer,Primal Clash,124,0,Supporter
Aggron Spirit Link,Trainer,Primal Clash,123,0,Pok�mon Tool
Acro Bike,Trainer,Primal Clash,122,0,Item
Bunnelby,Pok�mon,Primal Clash,121,{C},0
Bunnelby,Pok�mon,Primal Clash,120,{C},0
Bouffalant,Pok�mon,Primal Clash,119,{C},0
Bibarel,Pok�mon,Primal Clash,118,{C},0
Bidoof,Pok�mon,Primal Clash,117,{C},0
Bidoof,Pok�mon,Primal Clash,116,{C},0
Spinda,Pok�mon,Primal Clash,115,{C},0
Delcatty,Pok�mon,Primal Clash,114,{C},0
Skitty,Pok�mon,Primal Clash,113,{C},0
Linoone,Pok�mon,Primal Clash,112,{C},0
Zigzagoon,Pok�mon,Primal Clash,111,{C},0
Flygon,Pok�mon,Primal Clash,110,{N},0
Vibrava,Pok�mon,Primal Clash,109,{N},0
Kingdra,Pok�mon,Primal Clash,108,{N},0
Kingdra,Pok�mon,Primal Clash,107,{N},0
M Gardevoir-EX,Pok�mon,Primal Clash,106,{Y},0
Gardevoir-EX,Pok�mon,Primal Clash,105,{Y},0
Azumarill,Pok�mon,Primal Clash,104,{Y},0
Azumarill,Pok�mon,Primal Clash,103,{Y},0
Marill,Pok�mon,Primal Clash,102,{Y},0
Mr. Mime,Pok�mon,Primal Clash,101,{Y},0
Aegislash,Pok�mon,Primal Clash,100,{M},0
Doublade,Pok�mon,Primal Clash,99,{M},0
Honedge,Pok�mon,Primal Clash,98,{M},0
Excadrill,Pok�mon,Primal Clash,97,{M},0
Excadrill,Pok�mon,Primal Clash,96,{M},0
Probopass,Pok�mon,Primal Clash,95,{M},0
M Aggron-EX,Pok�mon,Primal Clash,94,{M},0
Aggron-EX,Pok�mon,Primal Clash,93,{M},0
Crawdaunt,Pok�mon,Primal Clash,92,{D},0
Sharpedo-EX,Pok�mon,Primal Clash,91,{D},0
Diggersby,Pok�mon,Primal Clash,90,{F},0
Drilbur,Pok�mon,Primal Clash,89,{F},0
Hippowdon,Pok�mon,Primal Clash,88,{F},0
Hippopotas,Pok�mon,Primal Clash,87,{F},0
Primal Groudon-EX,Pok�mon,Primal Clash,86,{F},0
Groudon-EX,Pok�mon,Primal Clash,85,{F},0
Groudon,Pok�mon,Primal Clash,84,{F},0
Solrock,Pok�mon,Primal Clash,83,{F},0
Trapinch,Pok�mon,Primal Clash,82,{F},0
Medicham,Pok�mon,Primal Clash,81,{F},0
Medicham,Pok�mon,Primal Clash,80,{F},0
Meditite,Pok�mon,Primal Clash,79,{F},0
Nosepass,Pok�mon,Primal Clash,78,{F},0
Rhyperior,Pok�mon,Primal Clash,77,{F},0
Rhyperior,Pok�mon,Primal Clash,76,{F},0
Rhydon,Pok�mon,Primal Clash,75,{F},0
Rhyhorn,Pok�mon,Primal Clash,74,{F},0
Starmie,Pok�mon,Primal Clash,73,{P},0
Tentacruel,Pok�mon,Primal Clash,72,{P},0
Tentacool,Pok�mon,Primal Clash,71,{P},0
Tentacool,Pok�mon,Primal Clash,70,{P},0
Nidoqueen,Pok�mon,Primal Clash,69,{P},0
Nidoqueen,Pok�mon,Primal Clash,68,{P},0
Nidorina,Pok�mon,Primal Clash,67,{P},0
Nidoran Female,Pok�mon,Primal Clash,66,{P},0
Eelektross,Pok�mon,Primal Clash,65,{L},0
Eelektrik,Pok�mon,Primal Clash,64,{L},0
Eelektrik,Pok�mon,Primal Clash,63,{L},0
Tynamo,Pok�mon,Primal Clash,62,{L},0
Manectric,Pok�mon,Primal Clash,61,{L},0
Electrike,Pok�mon,Primal Clash,60,{L},0
Electrike,Pok�mon,Primal Clash,59,{L},0
Lanturn,Pok�mon,Primal Clash,58,{L},0
Chinchou,Pok�mon,Primal Clash,57,{L},0
Manaphy,Pok�mon,Primal Clash,56,{W},0
Primal Kyogre-EX,Pok�mon,Primal Clash,55,{W},0
Kyogre-EX,Pok�mon,Primal Clash,54,{W},0
Kyogre,Pok�mon,Primal Clash,53,{W},0
Gorebyss,Pok�mon,Primal Clash,52,{W},0
Gorebyss,Pok�mon,Primal Clash,51,{W},0
Huntail,Pok�mon,Primal Clash,50,{W},0
Clamperl,Pok�mon,Primal Clash,49,{W},0
Walrein,Pok�mon,Primal Clash,48,{W},0
Sealeo,Pok�mon,Primal Clash,47,{W},0
Spheal,Pok�mon,Primal Clash,46,{W},0
Spheal,Pok�mon,Primal Clash,45,{W},0
Gallade-EX,Pok�mon,XY Promos,45,{P},0
M Diancie-EX,Pok�mon,XY Promos,44,{Y},0
Milotic,Pok�mon,Primal Clash,44,{W},0
Feebas,Pok�mon,Primal Clash,43,{W},0
Diancie-EX,Pok�mon,XY Promos,43,{Y},0
Groudon-EX,Pok�mon,XY Promos,42,{F},0
Corphish,Pok�mon,Primal Clash,42,{W},0
Kyogre-EX,Pok�mon,XY Promos,41,{W},0
Whiscash,Pok�mon,Primal Clash,41,{W},0
Ditto,Pok�mon,XY Promos,40,{C},0
Whiscash,Pok�mon,Primal Clash,40,{W},0
Kingdra,Pok�mon,XY Promos,39,{N},0
Barboach,Pok�mon,Primal Clash,39,{W},0
Wailord-EX,Pok�mon,Primal Clash,38,{W},0
Ludicolo,Pok�mon,Primal Clash,37,{W},0
Swampert,Pok�mon,Primal Clash,36,{W},0
Swampert,Pok�mon,Primal Clash,35,{W},0
Marshtomp,Pok�mon,Primal Clash,34,{W},0
Mudkip,Pok�mon,Primal Clash,33,{W},0
Staryu,Pok�mon,Primal Clash,32,{W},0
Seadra,Pok�mon,Primal Clash,31,{W},0
Horsea,Pok�mon,Primal Clash,30,{W},0
Camerupt-EX,Pok�mon,Primal Clash,29,{R},0
Blaziken,Pok�mon,Primal Clash,28,{R},0
Combusken,Pok�mon,Primal Clash,27,{R},0
Torchic,Pok�mon,Primal Clash,26,{R},0
Torchic,Pok�mon,Primal Clash,25,{R},0
Magcargo,Pok�mon,Primal Clash,24,{R},0
Magcargo,Pok�mon,Primal Clash,23,{R},0
Slugma,Pok�mon,Primal Clash,22,{R},0
Ninetales,Pok�mon,Primal Clash,21,{R},0
Vulpix,Pok�mon,Primal Clash,20,{R},0
Trevenant-EX,Pok�mon,Primal Clash,19,{G},0
Illumise,Pok�mon,Primal Clash,18,{G},0
Volbeat,Pok�mon,Primal Clash,17,{G},0
Breloom,Pok�mon,Primal Clash,16,{G},0
Shroomish,Pok�mon,Primal Clash,15,{G},0
Masquerain,Pok�mon,Primal Clash,14,{G},0
Surskit,Pok�mon,Primal Clash,13,{G},0
Ludicolo,Pok�mon,Primal Clash,12,{G},0
Lombre,Pok�mon,Primal Clash,11,{G},0
Lotad,Pok�mon,Primal Clash,10,{G},0
Sceptile,Pok�mon,Primal Clash,9,{G},0
Sceptile,Pok�mon,Primal Clash,8,{G},0
Grovyle,Pok�mon,Primal Clash,7,{G},0
Treecko,Pok�mon,Primal Clash,6,{G},0
Tangrowth,Pok�mon,Primal Clash,5,{G},0
Tangela,Pok�mon,Primal Clash,4,{G},0
Beedrill,Pok�mon,Primal Clash,3,{G},0
Kakuna,Pok�mon,Primal Clash,2,{G},0
Weedle,Pok�mon,Primal Clash,1,{G},0
Mudkip,Pok�mon,XY Promos,38,{W},0
Torchic,Pok�mon,XY Promos,37,{R},0
Treecko,Pok�mon,XY Promos,36,{G},0
M Metagross-EX,Pok�mon,XY Promos,35,{M},0
Metagross-EX,Pok�mon,XY Promos,34,{M},0
Dialga-EX,Pok�mon,Phantom Forces,124,{M},0
M Gengar-EX,Pok�mon,Phantom Forces,123,{P},0
M Manectric-EX,Pok�mon,Phantom Forces,122,{L},0
Xerosic,Trainer,Phantom Forces,121,0,Supporter
Lysandre�s Trump Card,Trainer,Phantom Forces,120,0,Supporter
AZ,Trainer,Phantom Forces,119,0,Supporter
Florges-EX,Pok�mon,Phantom Forces,118,{Y},0
Malamar-EX,Pok�mon,Phantom Forces,117,{D},0
Gengar-EX,Pok�mon,Phantom Forces,116,{P},0
Manectric-EX,Pok�mon,Phantom Forces,115,{L},0
Mystery Energy,Energy,Phantom Forces,114,{L},0
Double Colorless Energy,Energy,Phantom Forces,113,{L},0
Xerosic,Trainer,Phantom Forces,112,0,Supporter
VS Seeker,Trainer,Phantom Forces,111,0,Item
Trick Coin,Trainer,Phantom Forces,110,0,Pok�mon Tool
Tierno,Trainer,Phantom Forces,109,0,Supporter
Target Whistle Team Flare Gear,Trainer,Phantom Forces,108,0,Item
Steel Shelter,Trainer,Phantom Forces,107,0,Stadium
Shauna,Trainer,Phantom Forces,106,0,Supporter
Roller Skates,Trainer,Phantom Forces,105,0,Item
Robo Substitute Team Flare Gear,Trainer,Phantom Forces,104,0,Item
Professor Sycamore,Trainer,Phantom Forces,103,0,Supporter
Manectric Spirit Link,Trainer,Phantom Forces,102,0,Pok�mon Tool
Lysandre�s Trump Card,Trainer,Phantom Forces,101,0,Supporter
Jamming Net Team Flare Hyper Gear,Trainer,Phantom Forces,100,0,Pok�mon Tool
Head Ringer Team Flare Hyper Gear,Trainer,Phantom Forces,99,0,Pok�mon Tool
Hand Scope,Trainer,Phantom Forces,98,0,Item
Gengar Spirit Link,Trainer,Phantom Forces,97,0,Pok�mon Tool
Enhanced Hammer,Trainer,Phantom Forces,96,0,Item
Dimension Valley,Trainer,Phantom Forces,95,0,Stadium
Battle Compressor Team Flare Gear,Trainer,Phantom Forces,94,0,Item
AZ,Trainer,Phantom Forces,93,0,Supporter
Furfrou,Pok�mon,Phantom Forces,92,{C},0
Fletchling,Pok�mon,Phantom Forces,91,{C},0
Diggersby,Pok�mon,Phantom Forces,90,{C},0
Bunnelby,Pok�mon,Phantom Forces,89,{C},0
Regigigas,Pok�mon,Phantom Forces,88,{C},0
Exploud,Pok�mon,Phantom Forces,87,{C},0
Loudred,Pok�mon,Phantom Forces,86,{C},0
Whismur,Pok�mon,Phantom Forces,85,{C},0
Girafarig,Pok�mon,Phantom Forces,84,{C},0
Blissey,Pok�mon,Phantom Forces,83,{C},0
Chansey,Pok�mon,Phantom Forces,82,{C},0
Fearow,Pok�mon,Phantom Forces,81,{C},0
Spearow,Pok�mon,Phantom Forces,80,{C},0
Goodra,Pok�mon,Phantom Forces,79,{N},0
Sliggoo,Pok�mon,Phantom Forces,78,{N},0
Goomy,Pok�mon,Phantom Forces,77,{N},0
Hydreigon,Pok�mon,Phantom Forces,76,{N},0
Zweilous,Pok�mon,Phantom Forces,75,{N},0
Deino,Pok�mon,Phantom Forces,74,{N},0
Diancie,Pok�mon,Phantom Forces,73,{Y},0
Dedenne,Pok�mon,Phantom Forces,72,{Y},0
Slurpuff,Pok�mon,Phantom Forces,71,{Y},0
Swirlix,Pok�mon,Phantom Forces,70,{Y},0
Florges-EX,Pok�mon,Phantom Forces,69,{Y},0
Klefki,Pok�mon,Phantom Forces,68,{M},0
Aegislash-EX,Pok�mon,Phantom Forces,66,{M},0
Escavalier,Pok�mon,Phantom Forces,65,{M},0
Heatran,Pok�mon,Phantom Forces,64,{M},0
Dialga-EX,Pok�mon,Phantom Forces,63,{M},0
Bronzong,Pok�mon,Phantom Forces,62,{M},0
Bronzor,Pok�mon,Phantom Forces,61,{M},0
Skarmory,Pok�mon,Phantom Forces,60,{M},0
Malamar-EX,Pok�mon,Phantom Forces,59,{D},0
Liepard,Pok�mon,Phantom Forces,58,{D},0
Purrloin,Pok�mon,Phantom Forces,57,{D},0
Spiritomb,Pok�mon,Phantom Forces,56,{D},0
Mightyena,Pok�mon,Phantom Forces,55,{D},0
Poochyena,Pok�mon,Phantom Forces,54,{D},0
Honchkrow,Pok�mon,Phantom Forces,53,{D},0
Murkrow,Pok�mon,Phantom Forces,52,{D},0
Gigalith,Pok�mon,Phantom Forces,51,{F},0
Boldore,Pok�mon,Phantom Forces,50,{F},0
Roggenrola,Pok�mon,Phantom Forces,49,{F},0
Gliscor,Pok�mon,Phantom Forces,48,{F},0
Gligar,Pok�mon,Phantom Forces,47,{F},0
Gourgeist,Pok�mon,Phantom Forces,46,{P},0
Pumpkaboo,Pok�mon,Phantom Forces,45,{P},0
Chandelure,Pok�mon,Phantom Forces,44,{P},0
Lampent,Pok�mon,Phantom Forces,43,{P},0
Litwick,Pok�mon,Phantom Forces,42,{P},0
Musharna,Pok�mon,Phantom Forces,41,{P},0
Munna,Pok�mon,Phantom Forces,40,{P},0
Swalot,Pok�mon,Phantom Forces,39,{P},0
Gulpin,Pok�mon,Phantom Forces,38,{P},0
Wobbuffet,Pok�mon,Phantom Forces,37,{P},0
M Gengar-EX,Pok�mon,Phantom Forces,36,{P},0
Gengar-EX,Pok�mon,Phantom Forces,35,{P},0
Crobat,Pok�mon,Phantom Forces,34,{P},0
Trevor,Trainer,XY Promos,33,0,Supporter
Golbat,Pok�mon,Phantom Forces,33,{P},0
Yveltal,Pok�mon,XY Promos,32,{D},0
Xerneas,Pok�mon,XY Promos,31,{Y},0
Zubat,Pok�mon,Phantom Forces,32,{P},0
Heliolisk,Pok�mon,Phantom Forces,31,{L},0
Blastoise-EX,Pok�mon,XY Promos,30,{W},0
Helioptile,Pok�mon,Phantom Forces,30,{L},0
Charizard-EX,Pok�mon,XY Promos,29,{R},0
Helioptile,Pok�mon,Phantom Forces,29,{L},0
Venusaur-EX,Pok�mon,XY Promos,28,{G},0
Champions Festival,Trainer,XY Promos,27,0,Stadium
Galvantula,Pok�mon,Phantom Forces,28,{L},0
Joltik,Pok�mon,Phantom Forces,27,{L},0
Pachirisu,Pok�mon,Phantom Forces,26,{L},0
Greninja,Pok�mon,XY Promos,24,{D},0
M Manectric-EX,Pok�mon,Phantom Forces,24,{L},0
Shiftry,Pok�mon,XY Promos,23,{G},0
Manectric-EX,Pok�mon,Phantom Forces,23,{L},0
Darkrai,Pok�mon,XY Promos,22,{D},0
Alomomola,Pok�mon,Phantom Forces,22,{W},0
Jellicent,Pok�mon,Phantom Forces,21,{W},0
Bronzong,Pok�mon,XY Promos,21,{M},0
Frillish,Pok�mon,Phantom Forces,20,{W},0
Lumineon,Pok�mon,Phantom Forces,19,{W},0
Finneon,Pok�mon,Phantom Forces,18,{W},0
Feraligatr,Pok�mon,Phantom Forces,17,{W},0
Gogoat,Pok�mon,XY Promos,16,{G},0
Croconaw,Pok�mon,Phantom Forces,16,{W},0
Totodile,Pok�mon,Phantom Forces,15,{W},0
Kingler,Pok�mon,Phantom Forces,14,{W},0
Trevenant,Pok�mon,XY Promos,14,{P},0
Krabby,Pok�mon,Phantom Forces,13,{W},0
Pyroar,Pok�mon,Phantom Forces,12,{R},0
Litleo,Pok�mon,Phantom Forces,11,{R},0
Talonflame,Pok�mon,Phantom Forces,10,{R},0
Fletchinder,Pok�mon,Phantom Forces,9,{R},0
Karrablast,Pok�mon,Phantom Forces,8,{G},0
Leavanny,Pok�mon,Phantom Forces,7,{G},0
Swadloon,Pok�mon,Phantom Forces,6,{G},0
Sewaddle,Pok�mon,Phantom Forces,5,{G},0
Yanmega,Pok�mon,Phantom Forces,4,{G},0
Yanma,Pok�mon,Phantom Forces,3,{G},0
Venomoth,Pok�mon,Phantom Forces,2,{G},0
Venonat,Pok�mon,Phantom Forces,1,{G},0
Wigglytuff,Pok�mon,XY Trainer Kit�Wigglytuff,30,{Y},0
Bisharp,Pok�mon,XY Trainer Kit�Bisharp,30,{M},0
Pidgey,Pok�mon,XY Trainer Kit�Wigglytuff,29,{C},0
Potion,Trainer,XY Trainer Kit�Bisharp,29,0,Item
Clefable,Pok�mon,XY Trainer Kit�Wigglytuff,28,{Y},0
Vigoroth,Pok�mon,XY Trainer Kit�Bisharp,28,{C},0
Honedge,Pok�mon,XY Trainer Kit�Bisharp,27,{M},0
Fairy Energy,Energy,XY Trainer Kit�Wigglytuff,27,{M},0
Slakoth,Pok�mon,XY Trainer Kit�Bisharp,26,{C},0
Tierno,Trainer,XY Trainer Kit�Wigglytuff,26,0,Supporter
Potion,Trainer,XY Trainer Kit�Bisharp,25,0,Item
Jigglypuff,Pok�mon,XY Trainer Kit�Wigglytuff,25,{Y},0
Metal Energy,Energy,XY Trainer Kit�Bisharp,24,{Y},0
Trevor,Trainer,XY Trainer Kit�Wigglytuff,24,0,Supporter
Doublade,Pok�mon,XY Trainer Kit�Bisharp,23,{M},0
Pidgeotto,Pok�mon,XY Trainer Kit�Wigglytuff,23,{C},0
Fairy Energy,Energy,XY Trainer Kit�Wigglytuff,22,{C},0
Metal Energy,Energy,XY Trainer Kit�Bisharp,22,{C},0
Fairy Energy,Energy,XY Trainer Kit�Wigglytuff,21,{C},0
Pawniard,Pok�mon,XY Trainer Kit�Bisharp,21,{M},0
Potion,Trainer,XY Trainer Kit�Wigglytuff,20,0,Item
Trevor,Trainer,XY Trainer Kit�Bisharp,20,0,Supporter
Clefairy,Pok�mon,XY Trainer Kit�Wigglytuff,19,{Y},0
Tierno,Trainer,XY Trainer Kit�Bisharp,19,0,Supporter
Swirlix,Pok�mon,XY Trainer Kit�Wigglytuff,18,{Y},0
Metal Energy,Energy,XY Trainer Kit�Bisharp,18,{Y},0
Patrat,Pok�mon,XY Trainer Kit�Bisharp,17,{C},0
Fairy Energy,Energy,XY Trainer Kit�Wigglytuff,17,{C},0
Bisharp,Pok�mon,XY Trainer Kit�Bisharp,16,{M},0
Clefable,Pok�mon,XY Trainer Kit�Wigglytuff,16,{Y},0
Slakoth,Pok�mon,XY Trainer Kit�Bisharp,15,{C},0
Potion,Trainer,XY Trainer Kit�Wigglytuff,15,0,Item
Doublade,Pok�mon,XY Trainer Kit�Bisharp,14,{M},0
Wigglytuff,Pok�mon,XY Trainer Kit�Wigglytuff,14,{Y},0
Pawniard,Pok�mon,XY Trainer Kit�Bisharp,13,{M},0
Clefairy,Pok�mon,XY Trainer Kit�Wigglytuff,13,{Y},0
Bidoof,Pok�mon,XY Trainer Kit�Bisharp,12,{C},0
Jigglypuff,Pok�mon,XY Trainer Kit�Wigglytuff,12,{Y},0
Honedge,Pok�mon,XY Trainer Kit�Bisharp,11,{M},0
Pidgey,Pok�mon,XY Trainer Kit�Wigglytuff,11,{C},0
Metal Energy,Energy,XY Trainer Kit�Bisharp,10,{C},0
Fairy Energy,Energy,XY Trainer Kit�Wigglytuff,10,{C},0
Fairy Energy,Energy,XY Trainer Kit�Wigglytuff,9,{C},0
Metal Energy,Energy,XY Trainer Kit�Bisharp,9,{C},0
Fairy Energy,Energy,XY Trainer Kit�Wigglytuff,8,{C},0
Metal Energy,Energy,XY Trainer Kit�Bisharp,8,{C},0
Fairy Energy,Energy,XY Trainer Kit�Wigglytuff,7,{C},0
Metal Energy,Energy,XY Trainer Kit�Bisharp,7,{C},0
Fairy Energy,Energy,XY Trainer Kit�Wigglytuff,6,{C},0
Metal Energy,Energy,XY Trainer Kit�Bisharp,6,{C},0
Fairy Energy,Energy,XY Trainer Kit�Wigglytuff,5,{C},0
Metal Energy,Energy,XY Trainer Kit�Bisharp,5,{C},0
Sentret,Pok�mon,XY Trainer Kit�Wigglytuff,4,{C},0
Vigoroth,Pok�mon,XY Trainer Kit�Bisharp,4,{C},0
Fairy Energy,Energy,XY Trainer Kit�Wigglytuff,3,{C},0
Metal Energy,Energy,XY Trainer Kit�Bisharp,3,{C},0
Metal Energy,Energy,XY Trainer Kit�Bisharp,2,{C},0
Pidgeotto,Pok�mon,XY Trainer Kit�Wigglytuff,2,{C},0
Fletchling,Pok�mon,XY Trainer Kit�Bisharp,1,{C},0
Swirlix,Pok�mon,XY Trainer Kit�Wigglytuff,1,{Y},0
M Lucario-EX,Pok�mon,Furious Fists,114,{F},0
M Heracross-EX,Pok�mon,Furious Fists,113,{G},0
Korrina,Trainer,Furious Fists,112,0,Supporter
Fossil Researcher,Trainer,Furious Fists,111,0,Supporter
Battle Reporter,Trainer,Furious Fists,110,0,Supporter
Dragonite-EX,Pok�mon,Furious Fists,109,{N},0
Lucario-EX,Pok�mon,Furious Fists,108,{F},0
Seismitoad-EX,Pok�mon,Furious Fists,107,{W},0
Heracross-EX,Pok�mon,Furious Fists,106,{G},0
Strong Energy,Energy,Furious Fists,105,{G},0
Herbal Energy,Energy,Furious Fists,104,{G},0
Training Center,Trainer,Furious Fists,103,0,Stadium
Tool Retriever,Trainer,Furious Fists,102,0,Item
Super Scoop Up,Trainer,Furious Fists,101,0,Item
Sparkling Robe,Trainer,Furious Fists,100,0,Pok�mon Tool
Sail Fossil,Trainer,Furious Fists,99,0,Item
Mountain Ring,Trainer,Furious Fists,98,0,Stadium
Maintenance,Trainer,Furious Fists,97,0,Item
Korrina,Trainer,Furious Fists,96,0,Supporter
Jaw Fossil,Trainer,Furious Fists,95,0,Item
Full Heal,Trainer,Furious Fists,94,0,Item
Fossil Researcher,Trainer,Furious Fists,93,0,Supporter
Focus Sash,Trainer,Furious Fists,92,0,Pok�mon Tool
Fighting Stadium,Trainer,Furious Fists,91,0,Stadium
Energy Switch,Trainer,Furious Fists,90,0,Item
Battle Reporter,Trainer,Furious Fists,89,0,Supporter
Noibat,Pok�mon,Furious Fists,88,{C},0
Tornadus,Pok�mon,Furious Fists,87,{C},0
Watchog,Pok�mon,Furious Fists,86,{C},0
Patrat,Pok�mon,Furious Fists,85,{C},0
Slaking,Pok�mon,Furious Fists,84,{C},0
Vigoroth,Pok�mon,Furious Fists,83,{C},0
Slakoth,Pok�mon,Furious Fists,82,{C},0
Eevee,Pok�mon,Furious Fists,81,{C},0
Lickilicky,Pok�mon,Furious Fists,80,{C},0
Lickitung,Pok�mon,Furious Fists,79,{C},0
Noivern,Pok�mon,Furious Fists,78,{N},0
Flygon,Pok�mon,Furious Fists,77,{N},0
Vibrava,Pok�mon,Furious Fists,76,{N},0
Dragonite-EX,Pok�mon,Furious Fists,75,{N},0
Klefki,Pok�mon,Furious Fists,74,{Y},0
Sylveon,Pok�mon,Furious Fists,73,{Y},0
Clefable,Pok�mon,Furious Fists,72,{Y},0
Clefairy,Pok�mon,Furious Fists,71,{Y},0
Clefairy,Pok�mon,Furious Fists,70,{Y},0
Pangoro,Pok�mon,Furious Fists,69,{D},0
Scrafty,Pok�mon,Furious Fists,68,{D},0
Scraggy,Pok�mon,Furious Fists,67,{D},0
Drapion,Pok�mon,Furious Fists,66,{D},0
Hawlucha-EX,Pok�mon,Furious Fists,65,{F},0
Hawlucha,Pok�mon,Furious Fists,64,{F},0
Tyrantrum,Pok�mon,Furious Fists,63,{F},0
Tyrunt,Pok�mon,Furious Fists,62,{F},0
Pancham,Pok�mon,Furious Fists,61,{F},0
Pancham,Pok�mon,Furious Fists,60,{F},0
Landorus,Pok�mon,Furious Fists,59,{F},0
Mienshao,Pok�mon,Furious Fists,58,{F},0
Mienfoo,Pok�mon,Furious Fists,57,{F},0
M Lucario-EX,Pok�mon,Furious Fists,55,{F},0
Lucario-EX,Pok�mon,Furious Fists,54,{F},0
Trapinch,Pok�mon,Furious Fists,53,{F},0
Hariyama,Pok�mon,Furious Fists,52,{F},0
Makuhita,Pok�mon,Furious Fists,51,{F},0
Breloom,Pok�mon,Furious Fists,50,{F},0
Hitmontop,Pok�mon,Furious Fists,49,{F},0
Hitmonchan,Pok�mon,Furious Fists,48,{F},0
Hitmonlee,Pok�mon,Furious Fists,47,{F},0
Machamp,Pok�mon,Furious Fists,46,{F},0
Machoke,Pok�mon,Furious Fists,45,{F},0
Machop,Pok�mon,Furious Fists,44,{F},0
Golurk,Pok�mon,Furious Fists,43,{P},0
Golett,Pok�mon,Furious Fists,42,{P},0
Gothitelle,Pok�mon,Furious Fists,41,{P},0
Gothorita,Pok�mon,Furious Fists,40,{P},0
Gothita,Pok�mon,Furious Fists,39,{P},0
Skorupi,Pok�mon,Furious Fists,38,{P},0
Jynx,Pok�mon,Furious Fists,37,{P},0
Hypno,Pok�mon,Furious Fists,36,{P},0
Drowzee,Pok�mon,Furious Fists,35,{P},0
Dedenne,Pok�mon,Furious Fists,34,{L},0
Thundurus,Pok�mon,Furious Fists,33,{L},0
Minun,Pok�mon,Furious Fists,32,{L},0
Plusle,Pok�mon,Furious Fists,31,{L},0
Electivire,Pok�mon,Furious Fists,30,{L},0
Electabuzz,Pok�mon,Furious Fists,29,{L},0
Raichu,Pok�mon,Furious Fists,28,{L},0
Pikachu,Pok�mon,Furious Fists,27,{L},0
Aurorus,Pok�mon,Furious Fists,26,{W},0
Amaura,Pok�mon,Furious Fists,25,{W},0
Clawitzer,Pok�mon,Furious Fists,24,{W},0
Clauncher,Pok�mon,Furious Fists,23,{W},0
Beartic,Pok�mon,Furious Fists,22,{W},0
Cubchoo,Pok�mon,Furious Fists,21,{W},0
Seismitoad-EX,Pok�mon,Furious Fists,20,{W},0
Glaceon,Pok�mon,Furious Fists,19,{W},0
Politoed,Pok�mon,Furious Fists,18,{W},0
Poliwrath,Pok�mon,Furious Fists,17,{W},0
Poliwhirl,Pok�mon,Furious Fists,16,{W},0
Poliwag,Pok�mon,Furious Fists,15,{W},0
Blaziken,Pok�mon,Furious Fists,14,{R},0
Combusken,Pok�mon,Furious Fists,13,{R},0
Torchic,Pok�mon,Furious Fists,12,{R},0
Magmortar,Pok�mon,Furious Fists,11,{R},0
Magmar,Pok�mon,Furious Fists,10,{R},0
Accelgor,Pok�mon,Furious Fists,9,{G},0
Shelmet,Pok�mon,Furious Fists,8,{G},0
Leafeon,Pok�mon,Furious Fists,7,{G},0
Shroomish,Pok�mon,Furious Fists,6,{G},0
M Heracross-EX,Pok�mon,Furious Fists,5,{G},0
Heracross-EX,Pok�mon,Furious Fists,4,{G},0
Victreebel,Pok�mon,Furious Fists,3,{G},0
Weepinbell,Pok�mon,Furious Fists,2,{G},0
Bellsprout,Pok�mon,Furious Fists,1,{G},0
Genesect,Pok�mon,Black & White Promos,99,{G},0
Mew,Pok�mon,Black & White Promos,96,{P},0
Eevee,Pok�mon,Black & White Promos,95,{C},0
Eevee,Pok�mon,Black & White Promos,92,{C},0
Umbreon,Pok�mon,Black & White Promos,91,{D},0
Espeon,Pok�mon,Black & White Promos,90,{P},0
Jolteon,Pok�mon,Black & White Promos,89,{L},0
Glaceon,Pok�mon,Black & White Promos,88,{W},0
Vaporeon,Pok�mon,Black & White Promos,87,{W},0
Flareon,Pok�mon,Black & White Promos,86,{R},0
Leafeon,Pok�mon,Black & White Promos,85,{G},0
Giratina,Pok�mon,Black & White Promos,74,{P},0
Slurpuff,Pok�mon,XY Promos,15,{Y},0
Pyroar,Pok�mon,XY Promos,26,{R},0
Krookodile-EX,Pok�mon,XY Promos,25,{D},0
Greninja-EX,Pok�mon,XY Promos,20,{W},0
Delphox-EX,Pok�mon,XY Promos,19,{R},0
Chesnaught-EX,Pok�mon,XY Promos,18,{G},0
Machamp,Pok�mon,XY Promos,13,{F},0
Charizard-EX,Pok�mon,XY Promos,17,{R},0
Honedge,Pok�mon,XY Promos,12,{M},0
Skiddo,Pok�mon,XY Promos,11,{G},0
Dragalge,Pok�mon,XY Promos,10,{N},0
Garchomp-EX,Pok�mon,XY Promos,9,{N},0
Yveltal-EX,Pok�mon,XY Promos,8,{D},0
Xerneas-EX,Pok�mon,XY Promos,7,{Y},0
Yveltal,Pok�mon,XY Promos,6,{D},0
Xerneas,Pok�mon,XY Promos,5,{Y},0
M Kangaskhan-EX,Pok�mon,Flashfire,110,{C},0
M Charizard-EX,Pok�mon,Flashfire,109,{N},0
M Charizard-EX,Pok�mon,Flashfire,108,{R},0
Pok�mon Fan Club,Trainer,Flashfire,107,0,Supporter
Pok�mon Center Lady,Trainer,Flashfire,106,0,Supporter
Lysandre,Trainer,Flashfire,105,0,Supporter
Kangaskhan-EX,Pok�mon,Flashfire,104,{C},0
Toxicroak-EX,Pok�mon,Flashfire,103,{P},0
Magnezone-EX,Pok�mon,Flashfire,102,{L},0
Charizard-EX,Pok�mon,Flashfire,101,{R},0
Ultra Ball,Trainer,Flashfire,100,0,Item
Trick Shovel,Trainer,Flashfire,99,0,Item
Startling Megaphone,Trainer,Flashfire,98,0,Item
Sacred Ash,Trainer,Flashfire,97,0,Item
Protection Cube,Trainer,Flashfire,96,0,Pok�mon Tool
Pok�mon Fan Club,Trainer,Flashfire,95,0,Supporter
Pok�mon Center Lady,Trainer,Flashfire,94,0,Supporter
Pal Pad,Trainer,Flashfire,93,0,Item
Magnetic Storm,Trainer,Flashfire,92,0,Stadium
Lysandre,Trainer,Flashfire,91,0,Supporter
Fiery Torch,Trainer,Flashfire,90,0,Item
Blacksmith,Trainer,Flashfire,88,0,Supporter
Furfrou,Pok�mon,Flashfire,87,{C},0
Fletchling,Pok�mon,Flashfire,86,{C},0
Lopunny,Pok�mon,Flashfire,85,{C},0
Buneary,Pok�mon,Flashfire,84,{C},0
Miltank,Pok�mon,Flashfire,83,{C},0
Furret,Pok�mon,Flashfire,82,{C},0
Sentret,Pok�mon,Flashfire,81,{C},0
Snorlax,Pok�mon,Flashfire,80,{C},0
M Kangaskhan-EX,Pok�mon,Flashfire,79,{C},0
Kangaskhan-EX,Pok�mon,Flashfire,78,{C},0
Pidgeot,Pok�mon,Flashfire,77,{C},0
Pidgeotto,Pok�mon,Flashfire,76,{C},0
Pidgey,Pok�mon,Flashfire,75,{C},0
Goodra,Pok�mon,Flashfire,74,{N},0
Sliggoo,Pok�mon,Flashfire,73,{N},0
Goomy,Pok�mon,Flashfire,72,{N},0
Dragalge,Pok�mon,Flashfire,71,{N},0
Druddigon,Pok�mon,Flashfire,70,{N},0
M Charizard-EX,Pok�mon,Flashfire,69,{N},0
Carbink,Pok�mon,Flashfire,68,{Y},0
Spritzee,Pok�mon,Flashfire,67,{Y},0
Florges,Pok�mon,Flashfire,66,{Y},0
Floette,Pok�mon,Flashfire,65,{Y},0
Floette,Pok�mon,Flashfire,64,{Y},0
Flab�b�,Pok�mon,Flashfire,63,{Y},0
Flab�b�,Pok�mon,Flashfire,62,{Y},0
Durant,Pok�mon,Flashfire,61,{M},0
Forretress,Pok�mon,Flashfire,60,{M},0
Scrafty,Pok�mon,Flashfire,59,{D},0
Scraggy,Pok�mon,Flashfire,58,{D},0
Krokorok,Pok�mon,Flashfire,57,{D},0
Sandile,Pok�mon,Flashfire,56,{D},0
Skuntank,Pok�mon,Flashfire,55,{D},0
Stunky,Pok�mon,Flashfire,54,{D},0
Stunky,Pok�mon,Flashfire,53,{D},0
Weavile,Pok�mon,Flashfire,52,{D},0
Sneasel,Pok�mon,Flashfire,51,{D},0
Sneasel,Pok�mon,Flashfire,50,{D},0
Barbaracle,Pok�mon,Flashfire,49,{F},0
Binacle,Pok�mon,Flashfire,48,{F},0
Golem,Pok�mon,Flashfire,47,{F},0
Graveler,Pok�mon,Flashfire,46,{F},0
Geodude,Pok�mon,Flashfire,45,{F},0
Skrelp,Pok�mon,Flashfire,44,{P},0
Meowstic,Pok�mon,Flashfire,43,{P},0
Espurr,Pok�mon,Flashfire,42,{P},0
Toxicroak-EX,Pok�mon,Flashfire,41,{P},0
Dusknoir,Pok�mon,Flashfire,40,{P},0
Dusclops,Pok�mon,Flashfire,39,{P},0
Duskull,Pok�mon,Flashfire,38,{P},0
Heliolisk,Pok�mon,Flashfire,37,{L},0
Helioptile,Pok�mon,Flashfire,36,{L},0
Magnezone-EX,Pok�mon,Flashfire,35,{L},0
Luxray,Pok�mon,Flashfire,34,{L},0
Luxio,Pok�mon,Flashfire,33,{L},0
Shinx,Pok�mon,Flashfire,32,{L},0
Avalugg,Pok�mon,Flashfire,31,{W},0
Bergmite,Pok�mon,Flashfire,30,{W},0
Floatzel,Pok�mon,Flashfire,29,{W},0
Buizel,Pok�mon,Flashfire,28,{W},0
Luvdisc,Pok�mon,Flashfire,27,{W},0
Walrein,Pok�mon,Flashfire,26,{W},0
Sealeo,Pok�mon,Flashfire,25,{W},0
Spheal,Pok�mon,Flashfire,24,{W},0
Milotic,Pok�mon,Flashfire,23,{W},0
Feebas,Pok�mon,Flashfire,22,{W},0
Qwilfish,Pok�mon,Flashfire,21,{W},0
Pyroar,Pok�mon,Flashfire,20,{R},0
Litleo,Pok�mon,Flashfire,19,{R},0
Litleo,Pok�mon,Flashfire,18,{R},0
Fletchinder,Pok�mon,Flashfire,17,{R},0
Torkoal,Pok�mon,Flashfire,16,{R},0
Rapidash,Pok�mon,Flashfire,15,{R},0
Ponyta,Pok�mon,Flashfire,14,{R},0
M Charizard-EX,Pok�mon,Flashfire,13,{R},0
Charizard-EX,Pok�mon,Flashfire,12,{R},0
Charizard-EX,Pok�mon,Flashfire,11,{R},0
Maractus,Pok�mon,Flashfire,10,{G},0
Roserade,Pok�mon,Flashfire,9,{G},0
Roselia,Pok�mon,Flashfire,8,{G},0
Shiftry,Pok�mon,Flashfire,7,{G},0
Nuzleaf,Pok�mon,Flashfire,6,{G},0
Seedot,Pok�mon,Flashfire,5,{G},0
Pineco,Pok�mon,Flashfire,4,{G},0
Butterfree,Pok�mon,Flashfire,3,{G},0
Metapod,Pok�mon,Flashfire,2,{G},0
Caterpie,Pok�mon,Flashfire,1,{G},0
Sylveon,Pok�mon,XY Trainer Kit�Sylveon,30,{Y},0
Noivern,Pok�mon,XY Trainer Kit�Noivern,30,{N},0
Switch,Trainer,XY Trainer Kit�Noivern,29,0,Item
Granbull,Pok�mon,XY Trainer Kit�Sylveon,29,{Y},0
Darkness Energy,Energy,XY Trainer Kit�Noivern,28,{Y},0
Professor�s Letter,Trainer,XY Trainer Kit�Sylveon,28,0,Item
Potion,Trainer,XY Trainer Kit�Noivern,27,0,Item
Snubbull,Pok�mon,XY Trainer Kit�Sylveon,27,{Y},0
Pok� Ball,Trainer,XY Trainer Kit�Sylveon,26,0,Item
Darkness Energy,Energy,XY Trainer Kit�Noivern,26,0,Item
Fairy Energy,Energy,XY Trainer Kit�Sylveon,25,0,Item
Psychic Energy,Energy,XY Trainer Kit�Noivern,25,0,Item
Potion,Trainer,XY Trainer Kit�Sylveon,24,0,Item
Professor�s Letter,Trainer,XY Trainer Kit�Noivern,24,0,Item
Pok�mon Catcher,Trainer,XY Trainer Kit�Sylveon,23,0,Item
Noibat,Pok�mon,XY Trainer Kit�Noivern,23,{C},0
Furfrou,Pok�mon,XY Trainer Kit�Sylveon,22,{C},0
Darkness Energy,Energy,XY Trainer Kit�Noivern,22,{C},0
Eevee,Pok�mon,XY Trainer Kit�Sylveon,21,{C},0
Pok� Ball,Trainer,XY Trainer Kit�Noivern,21,0,Item
Furfrou,Pok�mon,XY Trainer Kit�Noivern,20,{C},0
Potion,Trainer,XY Trainer Kit�Sylveon,20,0,Item
Darkness Energy,Energy,XY Trainer Kit�Noivern,19,0,Item
Fletchling,Pok�mon,XY Trainer Kit�Sylveon,19,{C},0
Pumpkaboo,Pok�mon,XY Trainer Kit�Noivern,18,{P},0
Fairy Energy,Energy,XY Trainer Kit�Sylveon,18,{P},0
Psychic Energy,Energy,XY Trainer Kit�Noivern,17,{P},0
Fairy Energy,Energy,XY Trainer Kit�Sylveon,17,{P},0
Furfrou,Pok�mon,XY Trainer Kit�Sylveon,16,{C},0
Ekans,Pok�mon,XY Trainer Kit�Noivern,16,{P},0
Sylveon,Pok�mon,XY Trainer Kit�Sylveon,15,{Y},0
Potion,Trainer,XY Trainer Kit�Noivern,15,0,Item
Granbull,Pok�mon,XY Trainer Kit�Sylveon,14,{Y},0
Pok�mon Catcher,Trainer,XY Trainer Kit�Noivern,14,0,Item
Noivern,Pok�mon,XY Trainer Kit�Noivern,13,{N},0
Eevee,Pok�mon,XY Trainer Kit�Sylveon,13,{C},0
Fairy Energy,Energy,XY Trainer Kit�Sylveon,12,{C},0
Noibat,Pok�mon,XY Trainer Kit�Noivern,12,{C},0
Snubbull,Pok�mon,XY Trainer Kit�Sylveon,11,{Y},0
Pumpkaboo,Pok�mon,XY Trainer Kit�Noivern,11,{P},0
Fairy Energy,Energy,XY Trainer Kit�Sylveon,10,{P},0
Psychic Energy,Energy,XY Trainer Kit�Noivern,10,{P},0
Fairy Energy,Energy,XY Trainer Kit�Sylveon,9,{P},0
Psychic Energy,Energy,XY Trainer Kit�Noivern,9,{P},0
Psychic Energy,Energy,XY Trainer Kit�Noivern,8,{P},0
Fairy Energy,Energy,XY Trainer Kit�Sylveon,8,{P},0
Psychic Energy,Energy,XY Trainer Kit�Noivern,7,{P},0
Fairy Energy,Energy,XY Trainer Kit�Sylveon,7,{P},0
Psychic Energy,Energy,XY Trainer Kit�Noivern,6,{P},0
Fairy Energy,Energy,XY Trainer Kit�Sylveon,6,{P},0
Psychic Energy,Energy,XY Trainer Kit�Noivern,5,{P},0
Fairy Energy,Energy,XY Trainer Kit�Sylveon,5,{P},0
Switch,Trainer,XY Trainer Kit�Sylveon,4,0,Item
Bunnelby,Pok�mon,XY Trainer Kit�Noivern,4,{C},0
Fairy Energy,Energy,XY Trainer Kit�Sylveon,3,{C},0
Arbok,Pok�mon,XY Trainer Kit�Noivern,3,{P},0
Fairy Energy,Energy,XY Trainer Kit�Sylveon,2,{P},0
Gourgeist,Pok�mon,XY Trainer Kit�Noivern,2,{P},0
Fletchling,Pok�mon,XY Trainer Kit�Sylveon,1,{C},0
Spoink,Pok�mon,XY Trainer Kit�Noivern,1,{P},0
Xerneas-EX,Pok�mon,XY,146,{Y},0
Skarmory-EX,Pok�mon,XY,145,{M},0
Yveltal-EX,Pok�mon,XY,144,{D},0
Emolga-EX,Pok�mon,XY,143,{L},0
Blastoise-EX,Pok�mon,XY,142,{W},0
Venusaur-EX,Pok�mon,XY,141,{G},0
Fairy Energy,Energy,XY,140,{G},0
Metal Energy,Energy,XY,139,{G},0
Darkness Energy,Energy,XY,138,{G},0
Fighting Energy,Energy,XY,137,{G},0
Psychic Energy,Energy,XY,136,{G},0
Lightning Energy,Energy,XY,135,{G},0
Water Energy,Energy,XY,134,{G},0
Fire Energy,Energy,XY,133,{G},0
Grass Energy,Energy,XY,132,{G},0
Rainbow Energy,Energy,XY,131,{G},0
Double Colorless Energy,Energy,XY,130,{G},0
Team Flare Grunt,Trainer,XY,129,0,Supporter
Super Potion,Trainer,XY,128,0,Item
Shauna,Trainer,XY,127,0,Supporter
Shadow Circle,Trainer,XY,126,0,Stadium
Roller Skates,Trainer,XY,125,0,Item
Red Card,Trainer,XY,124,0,Item
Professor�s Letter,Trainer,XY,123,0,Item
Professor Sycamore,Trainer,XY,122,0,Supporter
Muscle Band,Trainer,XY,121,0,Pok�mon Tool
Max Revive,Trainer,XY,120,0,Item
Hard Charm,Trainer,XY,119,0,Pok�mon Tool
Great Ball,Trainer,XY,118,0,Item
Fairy Garden,Trainer,XY,117,0,Stadium
Evosoda,Trainer,XY,116,0,Item
Cassius,Trainer,XY,115,0,Supporter
Furfrou,Pok�mon,XY,114,{C},0
Fletchling,Pok�mon,XY,113,{C},0
Diggersby,Pok�mon,XY,112,{C},0
Bunnelby,Pok�mon,XY,111,{C},0
Stoutland,Pok�mon,XY,110,{C},0
Herdier,Pok�mon,XY,109,{C},0
Lillipup,Pok�mon,XY,108,{C},0
Bibarel,Pok�mon,XY,107,{C},0
Bidoof,Pok�mon,XY,106,{C},0
Delcatty,Pok�mon,XY,105,{C},0
Skitty,Pok�mon,XY,104,{C},0
Swellow,Pok�mon,XY,103,{C},0
Taillow,Pok�mon,XY,102,{C},0
Dunsparce,Pok�mon,XY,101,{C},0
Tauros,Pok�mon,XY,100,{C},0
Dodrio,Pok�mon,XY,99,{C},0
Doduo,Pok�mon,XY,98,{C},0
Xerneas-EX,Pok�mon,XY,97,{Y},0
Xerneas,Pok�mon,XY,96,{Y},0
Slurpuff,Pok�mon,XY,95,{Y},0
Swirlix,Pok�mon,XY,94,{Y},0
Aromatisse,Pok�mon,XY,93,{Y},0
Spritzee,Pok�mon,XY,92,{Y},0
Mr. Mime,Pok�mon,XY,91,{Y},0
Wigglytuff,Pok�mon,XY,90,{Y},0
Wigglytuff,Pok�mon,XY,89,{Y},0
Jigglypuff,Pok�mon,XY,88,{Y},0
Jigglypuff,Pok�mon,XY,87,{Y},0
Aegislash,Pok�mon,XY,86,{M},0
Aegislash,Pok�mon,XY,85,{M},0
Doublade,Pok�mon,XY,84,{M},0
Honedge,Pok�mon,XY,83,{M},0
Bisharp,Pok�mon,XY,82,{M},0
Pawniard,Pok�mon,XY,81,{M},0
Skarmory-EX,Pok�mon,XY,80,{M},0
Yveltal-EX,Pok�mon,XY,79,{D},0
Yveltal,Pok�mon,XY,78,{D},0
Malamar,Pok�mon,XY,77,{D},0
Malamar,Pok�mon,XY,76,{D},0
Inkay,Pok�mon,XY,75,{D},0
Inkay,Pok�mon,XY,74,{D},0
Zoroark,Pok�mon,XY,73,{D},0
Zorua,Pok�mon,XY,72,{D},0
Krookodile,Pok�mon,XY,71,{D},0
Krokorok,Pok�mon,XY,70,{D},0
Sandile,Pok�mon,XY,69,{D},0
Sableye,Pok�mon,XY,68,{D},0
Conkeldurr,Pok�mon,XY,67,{F},0
Gurdurr,Pok�mon,XY,66,{F},0
Timburr,Pok�mon,XY,65,{F},0
Solrock,Pok�mon,XY,64,{F},0
Lunatone,Pok�mon,XY,63,{F},0
Rhyperior,Pok�mon,XY,62,{F},0
Rhydon,Pok�mon,XY,61,{F},0
Rhyhorn,Pok�mon,XY,60,{F},0
Dugtrio,Pok�mon,XY,59,{F},0
Diglett,Pok�mon,XY,58,{F},0
Gourgeist,Pok�mon,XY,57,{P},0
Pumpkaboo,Pok�mon,XY,56,{P},0
Trevenant,Pok�mon,XY,55,{P},0
Phantump,Pok�mon,XY,54,{P},0
Scolipede,Pok�mon,XY,53,{P},0
Whirlipede,Pok�mon,XY,52,{P},0
Venipede,Pok�mon,XY,51,{P},0
Grumpig,Pok�mon,XY,50,{P},0
Spoink,Pok�mon,XY,49,{P},0
Arbok,Pok�mon,XY,48,{P},0
Ekans,Pok�mon,XY,47,{P},0
Emolga-EX,Pok�mon,XY,46,{L},0
Electrode,Pok�mon,XY,45,{L},0
Voltorb,Pok�mon,XY,44,{L},0
Raichu,Pok�mon,XY,43,{L},0
Pikachu,Pok�mon,XY,42,{L},0
Greninja,Pok�mon,XY,41,{W},0
Frogadier,Pok�mon,XY,40,{W},0
Froakie,Pok�mon,XY,39,{W},0
Simipour,Pok�mon,XY,38,{W},0
Panpour,Pok�mon,XY,37,{W},0
Corsola,Pok�mon,XY,36,{W},0
Lapras,Pok�mon,XY,35,{W},0
Starmie,Pok�mon,XY,34,{W},0
Staryu,Pok�mon,XY,33,{W},0
Cloyster,Pok�mon,XY,32,{W},0
Shellder,Pok�mon,XY,31,{W},0
M Blastoise-EX,Pok�mon,XY,30,{W},0
Blastoise-EX,Pok�mon,XY,29,{W},0
Talonflame,Pok�mon,XY,28,{R},0
Fletchinder,Pok�mon,XY,27,{R},0
Delphox,Pok�mon,XY,26,{R},0
Braixen,Pok�mon,XY,25,{R},0
Fennekin,Pok�mon,XY,24,{R},0
Simisear,Pok�mon,XY,23,{R},0
Pansear,Pok�mon,XY,22,{R},0
Magcargo,Pok�mon,XY,21,{R},0
Slugma,Pok�mon,XY,20,{R},0
Gogoat,Pok�mon,XY,19,{G},0
Skiddo,Pok�mon,XY,18,{G},0
Vivillon,Pok�mon,XY,17,{G},0
Spewpa,Pok�mon,XY,16,{G},0
Scatterbug,Pok�mon,XY,15,{G},0
Chesnaught,Pok�mon,XY,14,{G},0
Quilladin,Pok�mon,XY,13,{G},0
Chespin,Pok�mon,XY,12,{G},0
Simisage,Pok�mon,XY,11,{G},0
Pansage,Pok�mon,XY,10,{G},0
Illumise,Pok�mon,XY,9,{G},0
Volbeat,Pok�mon,XY,8,{G},0
Ledian,Pok�mon,XY,7,{G},0
Ledyba,Pok�mon,XY,6,{G},0
Beedrill,Pok�mon,XY,5,{G},0
Kakuna,Pok�mon,XY,4,{G},0
Weedle,Pok�mon,XY,3,{G},0
M Venusaur-EX,Pok�mon,XY,2,{G},0
Venusaur-EX,Pok�mon,XY,1,{G},0
Sylveon,Pok�mon,XY Promos,4,{Y},0
Tierno,Trainer,Kalos Starter Set,39,0,Supporter
Switch,Trainer,Kalos Starter Set,38,0,Item
Potion,Trainer,Kalos Starter Set,37,0,Item
Pok�mon Catcher,Trainer,Kalos Starter Set,36,0,Item
Pok� Ball,Trainer,Kalos Starter Set,35,0,Item
Crushing Hammer,Trainer,Kalos Starter Set,34,0,Item
Furfrou,Pok�mon,Kalos Starter Set,33,{C},0
Furfrou,Pok�mon,Kalos Starter Set,32,{C},0
Fletchling,Pok�mon,Kalos Starter Set,31,{C},0
Bunnelby,Pok�mon,Kalos Starter Set,30,{C},0
Bidoof,Pok�mon,Kalos Starter Set,29,{C},0
Skitty,Pok�mon,Kalos Starter Set,28,{C},0
Miltank,Pok�mon,Kalos Starter Set,27,{C},0
Snorlax,Pok�mon,Kalos Starter Set,26,{C},0
Farfetch�d,Pok�mon,Kalos Starter Set,25,{C},0
Swirlix,Pok�mon,Kalos Starter Set,24,{Y},0
Granbull,Pok�mon,Kalos Starter Set,23,{Y},0
Snubbull,Pok�mon,Kalos Starter Set,22,{Y},0
Honedge,Pok�mon,Kalos Starter Set,21,{M},0
Bisharp,Pok�mon,Kalos Starter Set,20,{M},0
Pawniard,Pok�mon,Kalos Starter Set,19,{M},0
Inkay,Pok�mon,Kalos Starter Set,18,{D},0
Mightyena,Pok�mon,Kalos Starter Set,17,{D},0
Poochyena,Pok�mon,Kalos Starter Set,16,{D},0
Clauncher,Pok�mon,Kalos Starter Set,15,{W},0
Greninja,Pok�mon,Kalos Starter Set,14,{W},0
Frogadier,Pok�mon,Kalos Starter Set,13,{W},0
Froakie,Pok�mon,Kalos Starter Set,12,{W},0
Panpour,Pok�mon,Kalos Starter Set,11,{W},0
Delphox,Pok�mon,Kalos Starter Set,10,{R},0
Braixen,Pok�mon,Kalos Starter Set,9,{R},0
Fairy Energy,Energy,XY Energy (2013 Unnumbered),9,{R},0
Fennekin,Pok�mon,Kalos Starter Set,8,{R},0
Metal Energy,Energy,XY Energy (2013 Unnumbered),8,{R},0
Pansear,Pok�mon,Kalos Starter Set,7,{R},0
Darkness Energy,Energy,XY Energy (2013 Unnumbered),7,{R},0
Slugma,Pok�mon,Kalos Starter Set,6,{R},0
Fighting Energy,Energy,XY Energy (2013 Unnumbered),6,{R},0
Chesnaught,Pok�mon,Kalos Starter Set,5,{G},0
Psychic Energy,Energy,XY Energy (2013 Unnumbered),5,{G},0
Quilladin,Pok�mon,Kalos Starter Set,4,{G},0
Lightning Energy,Energy,XY Energy (2013 Unnumbered),4,{G},0
Chespin,Pok�mon,Kalos Starter Set,3,{G},0
Water Energy,Energy,XY Energy (2013 Unnumbered),3,{G},0
Pansage,Pok�mon,Kalos Starter Set,2,{G},0
Fire Energy,Energy,XY Energy (2013 Unnumbered),2,{G},0
Grass Energy,Energy,XY Energy (2013 Unnumbered),1,{G},0
Weedle,Pok�mon,Kalos Starter Set,1,{G},0
Meloetta-EX,Pok�mon,Legendary Treasures,140,{P},0
Mew-EX,Pok�mon,Legendary Treasures,139,{P},0
Emolga,Pok�mon,Legendary Treasures,138,{L},0
Reshiram,Pok�mon,Legendary Treasures,137,{R},0
Shaymin-EX,Pok�mon,Legendary Treasures,136,{G},0
Elesa,Trainer,Legendary Treasures,135,0,Supporter
Cinccino,Pok�mon,Legendary Treasures,134,{C},0
Minccino,Pok�mon,Legendary Treasures,133,{C},0
Audino,Pok�mon,Legendary Treasures,132,{C},0
Ursaring,Pok�mon,Legendary Treasures,131,{C},0
Teddiursa,Pok�mon,Legendary Treasures,130,{C},0
Eevee,Pok�mon,Legendary Treasures,129,{C},0
Purrloin,Pok�mon,Legendary Treasures,128,{D},0
Stunfisk,Pok�mon,Legendary Treasures,127,{F},0
Meloetta-EX,Pok�mon,Legendary Treasures,126,{P},0
Gardevoir,Pok�mon,Legendary Treasures,125,{P},0
Kirlia,Pok�mon,Legendary Treasures,124,{P},0
Ralts,Pok�mon,Legendary Treasures,123,{P},0
Pikachu,Pok�mon,Legendary Treasures,122,{L},0
Piplup,Pok�mon,Legendary Treasures,121,{W},0
Torchic,Pok�mon,Legendary Treasures,120,{R},0
Growlithe,Pok�mon,Legendary Treasures,119,{R},0
Serperior,Pok�mon,Legendary Treasures,118,{G},0
Servine,Pok�mon,Legendary Treasures,117,{G},0
Snivy,Pok�mon,Legendary Treasures,116,{G},0
Zekrom,Pok�mon,Legendary Treasures,115,{L},0
Reshiram,Pok�mon,Legendary Treasures,114,{R},0
Double Colorless Energy,Energy,Legendary Treasures,113,{R},0
Energy Switch,Trainer,Legendary Treasures,112,0,Item
Crushing Hammer,Trainer,Legendary Treasures,111,0,Item
Cedric Juniper,Trainer,Legendary Treasures,110,0,Supporter
Bianca,Trainer,Legendary Treasures,109,0,Supporter
Tornadus,Pok�mon,Legendary Treasures,108,{C},0
Bouffalant,Pok�mon,Legendary Treasures,107,{C},0
Druddigon,Pok�mon,Legendary Treasures,106,{C},0
Cinccino,Pok�mon,Legendary Treasures,105,{C},0
Minccino,Pok�mon,Legendary Treasures,104,{C},0
Swablu,Pok�mon,Legendary Treasures,103,{C},0
Lugia-EX,Pok�mon,Legendary Treasures,102,{C},0
White Kyurem-EX,Pok�mon,Legendary Treasures,101,{N},0
Black Kyurem-EX,Pok�mon,Legendary Treasures,100,{N},0
Hydreigon,Pok�mon,Legendary Treasures,99,{N},0
Zweilous,Pok�mon,Legendary Treasures,98,{N},0
Deino,Pok�mon,Legendary Treasures,97,{N},0
Garchomp,Pok�mon,Legendary Treasures,96,{N},0
Gabite,Pok�mon,Legendary Treasures,95,{N},0
Gible,Pok�mon,Legendary Treasures,94,{N},0
Rayquaza,Pok�mon,Legendary Treasures,93,{N},0
Altaria,Pok�mon,Legendary Treasures,92,{N},0
Cobalion,Pok�mon,Legendary Treasures,91,{M},0
Zoroark,Pok�mon,Legendary Treasures,90,{D},0
Zorua,Pok�mon,Legendary Treasures,89,{D},0
Darkrai-EX,Pok�mon,Legendary Treasures,88,{D},0
Spiritomb,Pok�mon,Legendary Treasures,87,{D},0
Meloetta,Pok�mon,Legendary Treasures,86,{F},0
Landorus,Pok�mon,Legendary Treasures,85,{F},0
Terrakion,Pok�mon,Legendary Treasures,84,{F},0
Stunfisk,Pok�mon,Legendary Treasures,83,{F},0
Excadrill-EX,Pok�mon,Legendary Treasures,82,{F},0
Gallade,Pok�mon,Legendary Treasures,81,{F},0
Lucario,Pok�mon,Legendary Treasures,80,{F},0
Riolu,Pok�mon,Legendary Treasures,79,{F},0
Meloetta,Pok�mon,Legendary Treasures,78,{P},0
Chandelure-EX,Pok�mon,Legendary Treasures,77,{P},0
Reuniclus,Pok�mon,Legendary Treasures,76,{P},0
Duosion,Pok�mon,Legendary Treasures,75,{P},0
Solosis,Pok�mon,Legendary Treasures,74,{P},0
Solosis,Pok�mon,Legendary Treasures,73,{P},0
Gothitelle,Pok�mon,Legendary Treasures,72,{P},0
Gothorita,Pok�mon,Legendary Treasures,71,{P},0
Gothita,Pok�mon,Legendary Treasures,70,{P},0
Gothita,Pok�mon,Legendary Treasures,69,{P},0
Garbodor,Pok�mon,Legendary Treasures,68,{P},0
Trubbish,Pok�mon,Legendary Treasures,67,{P},0
Sigilyph,Pok�mon,Legendary Treasures,66,{P},0
Swoobat,Pok�mon,Legendary Treasures,65,{P},0
Woobat,Pok�mon,Legendary Treasures,64,{P},0
Toxicroak,Pok�mon,Legendary Treasures,63,{P},0
Croagunk,Pok�mon,Legendary Treasures,62,{P},0
Sableye,Pok�mon,Legendary Treasures,61,{P},0
Kirlia,Pok�mon,Legendary Treasures,60,{P},0
Ralts,Pok�mon,Legendary Treasures,59,{P},0
Mismagius,Pok�mon,Legendary Treasures,58,{P},0
Misdreavus,Pok�mon,Legendary Treasures,57,{P},0
Xatu,Pok�mon,Legendary Treasures,56,{P},0
Natu,Pok�mon,Legendary Treasures,55,{P},0
Mewtwo-EX,Pok�mon,Legendary Treasures,54,{P},0
Mewtwo,Pok�mon,Legendary Treasures,53,{P},0
Zekrom-EX,Pok�mon,Legendary Treasures,52,{L},0
Zekrom,Pok�mon,Legendary Treasures,51,{L},0
Thundurus,Pok�mon,Legendary Treasures,50,{L},0
Emolga,Pok�mon,Legendary Treasures,49,{L},0
Minun,Pok�mon,Legendary Treasures,48,{L},0
Plusle,Pok�mon,Legendary Treasures,47,{L},0
Zapdos,Pok�mon,Legendary Treasures,46,{L},0
Keldeo-EX,Pok�mon,Legendary Treasures,45,{W},0
Kyurem-EX,Pok�mon,Legendary Treasures,44,{W},0
Kyurem,Pok�mon,Legendary Treasures,43,{W},0
Seismitoad,Pok�mon,Legendary Treasures,42,{W},0
Palpitoad,Pok�mon,Legendary Treasures,41,{W},0
Tympole,Pok�mon,Legendary Treasures,40,{W},0
Samurott,Pok�mon,Legendary Treasures,39,{W},0
Dewott,Pok�mon,Legendary Treasures,38,{W},0
Oshawott,Pok�mon,Legendary Treasures,37,{W},0
Phione,Pok�mon,Legendary Treasures,36,{W},0
Empoleon,Pok�mon,Legendary Treasures,35,{W},0
Prinplup,Pok�mon,Legendary Treasures,34,{W},0
Piplup,Pok�mon,Legendary Treasures,33,{W},0
Articuno,Pok�mon,Legendary Treasures,32,{W},0
Gyarados,Pok�mon,Legendary Treasures,31,{W},0
Magikarp,Pok�mon,Legendary Treasures,30,{W},0
Reshiram-EX,Pok�mon,Legendary Treasures,29,{R},0
Reshiram,Pok�mon,Legendary Treasures,28,{R},0
Emboar,Pok�mon,Legendary Treasures,27,{R},0
Pignite,Pok�mon,Legendary Treasures,26,{R},0
Tepig,Pok�mon,Legendary Treasures,25,{R},0
Victini-EX,Pok�mon,Legendary Treasures,24,{R},0
Victini,Pok�mon,Legendary Treasures,23,{R},0
Moltres,Pok�mon,Legendary Treasures,22,{R},0
Ninetales,Pok�mon,Legendary Treasures,21,{R},0
Vulpix,Pok�mon,Legendary Treasures,20,{R},0
Charizard,Pok�mon,Legendary Treasures,19,{R},0
Charmeleon,Pok�mon,Legendary Treasures,18,{R},0
Charmander,Pok�mon,Legendary Treasures,17,{R},0
Genesect,Pok�mon,Legendary Treasures,16,{G},0
Virizion,Pok�mon,Legendary Treasures,15,{G},0
Crustle,Pok�mon,Legendary Treasures,14,{G},0
Dwebble,Pok�mon,Legendary Treasures,13,{G},0
Leavanny,Pok�mon,Legendary Treasures,12,{G},0
Swadloon,Pok�mon,Legendary Treasures,11,{G},0
Sewaddle,Pok�mon,Legendary Treasures,10,{G},0
Sewaddle,Pok�mon,Legendary Treasures,9,{G},0
Serperior,Pok�mon,Legendary Treasures,8,{G},0
Servine,Pok�mon,Legendary Treasures,7,{G},0
Snivy,Pok�mon,Legendary Treasures,6,{G},0
Carnivine,Pok�mon,Legendary Treasures,5,{G},0
Cherubi,Pok�mon,Legendary Treasures,4,{G},0
Shuckle,Pok�mon,Legendary Treasures,3,{G},0
Tangrowth,Pok�mon,Legendary Treasures,2,{G},0
Tangela,Pok�mon,Legendary Treasures,1,{G},0
Froakie,Pok�mon,XY Promos,3,{W},0
Fennekin,Pok�mon,XY Promos,2,{R},0
Chespin,Pok�mon,XY Promos,1,{G},0
N,Trainer,Black & White Promos,98,0,Supporter
Genesect,Pok�mon,Black & White Promos,97,{G},0
Tornadus-EX,Pok�mon,Black & White Promos,94,{C},0
Champions Festival,Trainer,Black & White Promos,93,0,Stadium
Genesect,Pok�mon,Black & White Promos,84,{G},0
Lucario,Pok�mon,Black & White Promos,83,{F},0
Porygon-Z,Pok�mon,Black & White Promos,82,{C},0
Lugia-EX,Pok�mon,Black & White Promos,81,{C},0
Deoxys-EX,Pok�mon,Black & White Promos,80,{P},0
Thundurus-EX,Pok�mon,Black & White Promos,79,{L},0
Rare Candy,Trainer,Plasma Blast,105,0,Item
Dusknoir,Pok�mon,Plasma Blast,104,{P},0
Virizion,Pok�mon,Plasma Blast,103,{G},0
Exeggcute,Pok�mon,Plasma Blast,102,{G},0
Iris,Trainer,Plasma Blast,101,0,Supporter
Palkia-EX,Pok�mon,Plasma Blast,100,{N},0
Dialga-EX,Pok�mon,Plasma Blast,99,{N},0
Jirachi-EX,Pok�mon,Plasma Blast,98,{M},0
Genesect-EX,Pok�mon,Plasma Blast,97,{G},0
Virizion-EX,Pok�mon,Plasma Blast,96,{G},0
Scoop Up Cyclone,Trainer,Plasma Blast,95,0,Item
Master Ball,Trainer,Plasma Blast,94,0,Item
G Scope,Trainer,Plasma Blast,93,0,Pok�mon Tool
G Booster,Trainer,Plasma Blast,92,0,Pok�mon Tool
Plasma Energy,Energy,Plasma Blast,91,0,Pok�mon Tool
Ultra Ball,Trainer,Plasma Blast,90,0,Item
Silver Mirror,Trainer,Plasma Blast,89,0,Pok�mon Tool
Silver Bangle,Trainer,Plasma Blast,88,0,Pok�mon Tool
Root Fossil Lileep,Trainer,Plasma Blast,87,0,Item
Reversal Trigger,Trainer,Plasma Blast,86,0,Pok�mon Tool
Rare Candy,Trainer,Plasma Blast,85,0,Item
Professor Juniper,Trainer,Plasma Blast,84,0,Supporter
Pok�mon Catcher,Trainer,Plasma Blast,83,0,Item
Plume Fossil,Trainer,Plasma Blast,82,0,Item
Iris,Trainer,Plasma Blast,81,0,Supporter
Energy Retrieval,Trainer,Plasma Blast,80,0,Item
Cover Fossil,Trainer,Plasma Blast,79,0,Item
Caitlin,Trainer,Plasma Blast,78,0,Supporter
Chatot,Pok�mon,Plasma Blast,77,{C},0
Ursaring,Pok�mon,Plasma Blast,76,{C},0
Teddiursa,Pok�mon,Plasma Blast,75,{C},0
Porygon-Z,Pok�mon,Plasma Blast,74,{C},0
Porygon2,Pok�mon,Plasma Blast,73,{C},0
Porygon,Pok�mon,Plasma Blast,72,{C},0
Kangaskhan,Pok�mon,Plasma Blast,71,{C},0
Druddigon,Pok�mon,Plasma Blast,70,{N},0
Haxorus,Pok�mon,Plasma Blast,69,{N},0
Fraxure,Pok�mon,Plasma Blast,68,{N},0
Axew,Pok�mon,Plasma Blast,67,{N},0
Palkia-EX,Pok�mon,Plasma Blast,66,{N},0
Dialga-EX,Pok�mon,Plasma Blast,65,{N},0
Salamence,Pok�mon,Plasma Blast,64,{N},0
Shelgon,Pok�mon,Plasma Blast,63,{N},0
Bagon,Pok�mon,Plasma Blast,62,{N},0
Escavalier,Pok�mon,Plasma Blast,61,{M},0
Jirachi-EX,Pok�mon,Plasma Blast,60,{M},0
Aggron,Pok�mon,Plasma Blast,59,{M},0
Lairon,Pok�mon,Plasma Blast,58,{M},0
Aron,Pok�mon,Plasma Blast,57,{M},0
Houndoom,Pok�mon,Plasma Blast,56,{D},0
Houndour,Pok�mon,Plasma Blast,55,{D},0
Archeops,Pok�mon,Plasma Blast,54,{F},0
Archen,Pok�mon,Plasma Blast,53,{F},0
Sawk,Pok�mon,Plasma Blast,52,{F},0
Throh,Pok�mon,Plasma Blast,51,{F},0
Machamp,Pok�mon,Plasma Blast,50,{F},0
Machamp,Pok�mon,Plasma Blast,49,{F},0
Machoke,Pok�mon,Plasma Blast,48,{F},0
Machop,Pok�mon,Plasma Blast,47,{F},0
Golurk,Pok�mon,Plasma Blast,46,{P},0
Golett,Pok�mon,Plasma Blast,45,{P},0
Reuniclus,Pok�mon,Plasma Blast,44,{P},0
Duosion,Pok�mon,Plasma Blast,43,{P},0
Solosis,Pok�mon,Plasma Blast,42,{P},0
Sigilyph,Pok�mon,Plasma Blast,41,{P},0
Musharna,Pok�mon,Plasma Blast,40,{P},0
Munna,Pok�mon,Plasma Blast,39,{P},0
Azelf,Pok�mon,Plasma Blast,38,{P},0
Mesprit,Pok�mon,Plasma Blast,37,{P},0
Uxie,Pok�mon,Plasma Blast,36,{P},0
Drifblim,Pok�mon,Plasma Blast,35,{P},0
Drifloon,Pok�mon,Plasma Blast,34,{P},0
Eelektross,Pok�mon,Plasma Blast,33,{L},0
Eelektrik,Pok�mon,Plasma Blast,32,{L},0
Tynamo,Pok�mon,Plasma Blast,31,{L},0
Kyurem-EX,Pok�mon,Plasma Blast,30,{W},0
Ducklett,Pok�mon,Plasma Blast,29,{W},0
Carracosta,Pok�mon,Plasma Blast,28,{W},0
Tirtouga,Pok�mon,Plasma Blast,27,{W},0
Abomasnow,Pok�mon,Plasma Blast,26,{W},0
Snover,Pok�mon,Plasma Blast,25,{W},0
Relicanth,Pok�mon,Plasma Blast,24,{W},0
Froslass,Pok�mon,Plasma Blast,23,{W},0
Glalie,Pok�mon,Plasma Blast,22,{W},0
Snorunt,Pok�mon,Plasma Blast,21,{W},0
Suicune,Pok�mon,Plasma Blast,20,{W},0
Octillery,Pok�mon,Plasma Blast,19,{W},0
Remoraid,Pok�mon,Plasma Blast,18,{W},0
Lapras,Pok�mon,Plasma Blast,17,{W},0
Blastoise,Pok�mon,Plasma Blast,16,{W},0
Wartortle,Pok�mon,Plasma Blast,15,{W},0
Squirtle,Pok�mon,Plasma Blast,14,{W},0
Volcarona,Pok�mon,Plasma Blast,13,{R},0
Larvesta,Pok�mon,Plasma Blast,12,{R},0
Genesect-EX,Pok�mon,Plasma Blast,11,{G},0
Genesect,Pok�mon,Plasma Blast,10,{G},0
Virizion-EX,Pok�mon,Plasma Blast,9,{G},0
Accelgor,Pok�mon,Plasma Blast,8,{G},0
Shelmet,Pok�mon,Plasma Blast,7,{G},0
Karrablast,Pok�mon,Plasma Blast,6,{G},0
Tropius,Pok�mon,Plasma Blast,5,{G},0
Cradily,Pok�mon,Plasma Blast,4,{G},0
Lileep,Pok�mon,Plasma Blast,3,{G},0
Masquerain,Pok�mon,Plasma Blast,2,{G},0
Surskit,Pok�mon,Plasma Blast,1,{G},0
Darkrai,Pok�mon,Black & White Promos,73,{D},0
Druddigon,Pok�mon,Black & White Promos,78,{N},0
Landorus,Pok�mon,Black & White Promos,77,{F},0
Electrode,Pok�mon,Black & White Promos,76,{L},0
Metagross,Pok�mon,Black & White Promos,75,{P},0
Cobalion,Pok�mon,Black & White Promos,72,{M},0
Terrakion,Pok�mon,Black & White Promos,71,{F},0
Virizion,Pok�mon,Black & White Promos,70,{G},0
Meloetta,Pok�mon,Black & White Promos,69,{F},0
Meloetta,Pok�mon,Black & White Promos,68,{P},0
Ninetales,Pok�mon,Black & White Promos,66,{R},0
White Kyurem-EX,Pok�mon,Black & White Promos,63,{N},0
Black Kyurem-EX,Pok�mon,Black & White Promos,62,{N},0
Keldeo-EX,Pok�mon,Black & White Promos,61,{W},0
White Kyurem,Pok�mon,Black & White Promos,59,{N},0
Black Kyurem,Pok�mon,Black & White Promos,58,{N},0
Ultra Ball,Trainer,Plasma Freeze,122,0,Item
Max Potion,Trainer,Plasma Freeze,121,0,Item
Garchomp,Pok�mon,Plasma Freeze,120,{N},0
Garbodor,Pok�mon,Plasma Freeze,119,{P},0
Sigilyph,Pok�mon,Plasma Freeze,118,{P},0
Empoleon,Pok�mon,Plasma Freeze,117,{W},0
Professor Juniper,Trainer,Plasma Freeze,116,0,Supporter
Ghetsis,Trainer,Plasma Freeze,115,0,Supporter
Tornadus-EX,Pok�mon,Plasma Freeze,114,{C},0
Latios-EX,Pok�mon,Plasma Freeze,113,{N},0
Latias-EX,Pok�mon,Plasma Freeze,112,{N},0
Deoxys-EX,Pok�mon,Plasma Freeze,111,{P},0
Thundurus-EX,Pok�mon,Plasma Freeze,110,{L},0
Heatran-EX,Pok�mon,Plasma Freeze,109,{R},0
Rock Guard,Trainer,Plasma Freeze,108,0,Pok�mon Tool
Life Dew,Trainer,Plasma Freeze,107,0,Pok�mon Tool
Plasma Energy,Energy,Plasma Freeze,106,0,Pok�mon Tool
Team Plasma Ball,Trainer,Plasma Freeze,105,0,Item
Team Plasma Badge,Trainer,Plasma Freeze,104,0,Pok�mon Tool
Superior Energy Retrieval,Trainer,Plasma Freeze,103,0,Item
Shadow Triad,Trainer,Plasma Freeze,102,0,Supporter
Ghetsis,Trainer,Plasma Freeze,101,0,Supporter
Frozen City,Trainer,Plasma Freeze,100,0,Stadium
Float Stone,Trainer,Plasma Freeze,99,0,Pok�mon Tool
Tornadus-EX,Pok�mon,Plasma Freeze,98,{C},0
Staraptor,Pok�mon,Plasma Freeze,97,{C},0
Staravia,Pok�mon,Plasma Freeze,96,{C},0
Starly,Pok�mon,Plasma Freeze,95,{C},0
Kecleon,Pok�mon,Plasma Freeze,94,{C},0
Miltank,Pok�mon,Plasma Freeze,93,{C},0
Noctowl,Pok�mon,Plasma Freeze,92,{C},0
Hoothoot,Pok�mon,Plasma Freeze,91,{C},0
Eevee,Pok�mon,Plasma Freeze,90,{C},0
Eevee,Pok�mon,Plasma Freeze,89,{C},0
Raticate,Pok�mon,Plasma Freeze,88,{C},0
Rattata,Pok�mon,Plasma Freeze,87,{C},0
Latios-EX,Pok�mon,Plasma Freeze,86,{N},0
Latias-EX,Pok�mon,Plasma Freeze,85,{N},0
Kingdra,Pok�mon,Plasma Freeze,84,{N},0
Dragonite,Pok�mon,Plasma Freeze,83,{N},0
Dragonair,Pok�mon,Plasma Freeze,82,{N},0
Dratini,Pok�mon,Plasma Freeze,81,{N},0
Mawile,Pok�mon,Plasma Freeze,80,{M},0
Steelix,Pok�mon,Plasma Freeze,79,{M},0
Hydreigon,Pok�mon,Plasma Freeze,78,{D},0
Zweilous,Pok�mon,Plasma Freeze,77,{D},0
Deino,Pok�mon,Plasma Freeze,76,{D},0
Deino,Pok�mon,Plasma Freeze,75,{D},0
Bisharp,Pok�mon,Plasma Freeze,74,{D},0
Bisharp,Pok�mon,Plasma Freeze,73,{D},0
Pawniard,Pok�mon,Plasma Freeze,72,{D},0
Pawniard,Pok�mon,Plasma Freeze,71,{D},0
Krookodile,Pok�mon,Plasma Freeze,70,{D},0
Krokorok,Pok�mon,Plasma Freeze,69,{D},0
Sandile,Pok�mon,Plasma Freeze,68,{D},0
Absol,Pok�mon,Plasma Freeze,67,{D},0
Weavile,Pok�mon,Plasma Freeze,66,{D},0
Sneasel,Pok�mon,Plasma Freeze,65,{D},0
Umbreon,Pok�mon,Plasma Freeze,64,{D},0
Hariyama,Pok�mon,Plasma Freeze,63,{F},0
Makuhita,Pok�mon,Plasma Freeze,62,{F},0
Onix,Pok�mon,Plasma Freeze,61,{F},0
Primeape,Pok�mon,Plasma Freeze,60,{F},0
Mankey,Pok�mon,Plasma Freeze,59,{F},0
Nidoking,Pok�mon,Plasma Freeze,58,{F},0
Cofagrigus,Pok�mon,Plasma Freeze,57,{P},0
Cofagrigus,Pok�mon,Plasma Freeze,56,{P},0
Yamask,Pok�mon,Plasma Freeze,55,{P},0
Yamask,Pok�mon,Plasma Freeze,54,{P},0
Deoxys-EX,Pok�mon,Plasma Freeze,53,{P},0
Metagross,Pok�mon,Plasma Freeze,52,{P},0
Metang,Pok�mon,Plasma Freeze,51,{P},0
Beldum,Pok�mon,Plasma Freeze,50,{P},0
Sableye,Pok�mon,Plasma Freeze,49,{P},0
Espeon,Pok�mon,Plasma Freeze,48,{P},0
Mr. Mime,Pok�mon,Plasma Freeze,47,{P},0
Muk,Pok�mon,Plasma Freeze,46,{P},0
Grimer,Pok�mon,Plasma Freeze,45,{P},0
Nidorino,Pok�mon,Plasma Freeze,44,{P},0
Nidoran Male,Pok�mon,Plasma Freeze,43,{P},0
Nidoqueen,Pok�mon,Plasma Freeze,42,{P},0
Nidorina,Pok�mon,Plasma Freeze,41,{P},0
Nidoran Female,Pok�mon,Plasma Freeze,40,{P},0
Zekrom,Pok�mon,Plasma Freeze,39,{L},0
Thundurus-EX,Pok�mon,Plasma Freeze,38,{L},0
Pachirisu,Pok�mon,Plasma Freeze,37,{L},0
Lanturn,Pok�mon,Plasma Freeze,36,{L},0
Chinchou,Pok�mon,Plasma Freeze,35,{L},0
Jolteon,Pok�mon,Plasma Freeze,34,{L},0
Electrode,Pok�mon,Plasma Freeze,33,{L},0
Voltorb,Pok�mon,Plasma Freeze,32,{L},0
Kyurem,Pok�mon,Plasma Freeze,31,{W},0
Cryogonal,Pok�mon,Plasma Freeze,30,{W},0
Vanilluxe,Pok�mon,Plasma Freeze,29,{W},0
Vanillish,Pok�mon,Plasma Freeze,28,{W},0
Vanillite,Pok�mon,Plasma Freeze,27,{W},0
Seismitoad,Pok�mon,Plasma Freeze,26,{W},0
Palpitoad,Pok�mon,Plasma Freeze,25,{W},0
Tympole,Pok�mon,Plasma Freeze,24,{W},0
Glaceon,Pok�mon,Plasma Freeze,23,{W},0
Quagsire,Pok�mon,Plasma Freeze,22,{W},0
Wooper,Pok�mon,Plasma Freeze,21,{W},0
Vaporeon,Pok�mon,Plasma Freeze,20,{W},0
Seadra,Pok�mon,Plasma Freeze,19,{W},0
Horsea,Pok�mon,Plasma Freeze,18,{W},0
Reshiram,Pok�mon,Plasma Freeze,17,{R},0
Chandelure,Pok�mon,Plasma Freeze,16,{R},0
Lampent,Pok�mon,Plasma Freeze,15,{R},0
Litwick,Pok�mon,Plasma Freeze,14,{R},0
Heatran-EX,Pok�mon,Plasma Freeze,13,{R},0
Flareon,Pok�mon,Plasma Freeze,12,{R},0
Leafeon,Pok�mon,Plasma Freeze,11,{G},0
Cacturne,Pok�mon,Plasma Freeze,10,{G},0
Cacnea,Pok�mon,Plasma Freeze,9,{G},0
Sceptile,Pok�mon,Plasma Freeze,8,{G},0
Grovyle,Pok�mon,Plasma Freeze,7,{G},0
Treecko,Pok�mon,Plasma Freeze,6,{G},0
Exeggutor,Pok�mon,Plasma Freeze,5,{G},0
Exeggcute,Pok�mon,Plasma Freeze,4,{G},0
Beedrill,Pok�mon,Plasma Freeze,3,{G},0
Kakuna,Pok�mon,Plasma Freeze,2,{G},0
Weedle,Pok�mon,Plasma Freeze,1,{G},0
Ampharos,Pok�mon,Black & White Promos,67,{L},0
Jigglypuff,Pok�mon,Black & White Promos,65,{C},0
Drifblim,Pok�mon,Black & White Promos,64,{P},0
Keldeo,Pok�mon,Black & White Promos,60,{W},0
Haxorus,Pok�mon,Black & White Promos,57,{N},0
Empoleon,Pok�mon,Black & White Promos,56,{W},0
Elgyem,Pok�mon,Black & White Promos,55,{P},0
Random Receiver,Trainer,Plasma Storm,138,0,Item
Blastoise,Pok�mon,Plasma Storm,137,{W},0
Charizard,Pok�mon,Plasma Storm,136,{R},0
Colress,Trainer,Plasma Storm,135,0,Supporter
Lugia-EX,Pok�mon,Plasma Storm,134,{C},0
Cobalion-EX,Pok�mon,Plasma Storm,133,{M},0
Articuno-EX,Pok�mon,Plasma Storm,132,{W},0
Victini-EX,Pok�mon,Plasma Storm,131,{R},0
Victory Piece,Trainer,Plasma Storm,130,0,Pok�mon Tool
Scramble Switch,Trainer,Plasma Storm,129,0,Item
Dowsing Machine,Trainer,Plasma Storm,128,0,Item
Plasma Energy,Energy,Plasma Storm,127,0,Item
Virbank City Gym,Trainer,Plasma Storm,126,0,Stadium
Team Plasma Grunt,Trainer,Plasma Storm,125,0,Supporter
Plasma Frigate,Trainer,Plasma Storm,124,0,Stadium
Hypnotoxic Laser,Trainer,Plasma Storm,123,0,Item
Eviolite,Trainer,Plasma Storm,122,0,Pok�mon Tool
Ether,Trainer,Plasma Storm,121,0,Item
Escape Rope,Trainer,Plasma Storm,120,0,Item
Colress Machine,Trainer,Plasma Storm,119,0,Item
Colress,Trainer,Plasma Storm,118,0,Supporter
Bicycle,Trainer,Plasma Storm,117,0,Item
Braviary,Pok�mon,Plasma Storm,116,{C},0
Rufflet,Pok�mon,Plasma Storm,115,{C},0
Bouffalant,Pok�mon,Plasma Storm,114,{C},0
Watchog,Pok�mon,Plasma Storm,113,{C},0
Watchog,Pok�mon,Plasma Storm,112,{C},0
Patrat,Pok�mon,Plasma Storm,111,{C},0
Patrat,Pok�mon,Plasma Storm,110,{C},0
Skitty,Pok�mon,Plasma Storm,109,{C},0
Lugia-EX,Pok�mon,Plasma Storm,108,{C},0
Exploud,Pok�mon,Plasma Storm,107,{C},0
Loudred,Pok�mon,Plasma Storm,106,{C},0
Whismur,Pok�mon,Plasma Storm,105,{C},0
Togekiss,Pok�mon,Plasma Storm,104,{C},0
Togetic,Pok�mon,Plasma Storm,103,{C},0
Togepi,Pok�mon,Plasma Storm,102,{C},0
Snorlax,Pok�mon,Plasma Storm,101,{C},0
Dodrio,Pok�mon,Plasma Storm,100,{C},0
Doduo,Pok�mon,Plasma Storm,99,{C},0
Clefable,Pok�mon,Plasma Storm,98,{C},0
Clefairy,Pok�mon,Plasma Storm,97,{C},0
White Kyurem-EX,Pok�mon,Plasma Storm,96,{N},0
Black Kyurem-EX,Pok�mon,Plasma Storm,95,{N},0
Druddigon,Pok�mon,Plasma Storm,94,{N},0
Cobalion-EX,Pok�mon,Plasma Storm,93,{M},0
Durant,Pok�mon,Plasma Storm,92,{M},0
Durant,Pok�mon,Plasma Storm,91,{M},0
Klinklang,Pok�mon,Plasma Storm,90,{M},0
Klang,Pok�mon,Plasma Storm,89,{M},0
Klink,Pok�mon,Plasma Storm,88,{M},0
Skarmory,Pok�mon,Plasma Storm,87,{M},0
Scrafty,Pok�mon,Plasma Storm,86,{D},0
Scraggy,Pok�mon,Plasma Storm,85,{D},0
Liepard,Pok�mon,Plasma Storm,84,{D},0
Purrloin,Pok�mon,Plasma Storm,83,{D},0
Purrloin,Pok�mon,Plasma Storm,82,{D},0
Conkeldurr,Pok�mon,Plasma Storm,81,{F},0
Gurdurr,Pok�mon,Plasma Storm,80,{F},0
Timburr,Pok�mon,Plasma Storm,79,{F},0
Lucario,Pok�mon,Plasma Storm,78,{F},0
Lucario,Pok�mon,Plasma Storm,77,{F},0
Riolu,Pok�mon,Plasma Storm,76,{F},0
Riolu,Pok�mon,Plasma Storm,75,{F},0
Solrock,Pok�mon,Plasma Storm,74,{F},0
Lunatone,Pok�mon,Plasma Storm,73,{F},0
Donphan,Pok�mon,Plasma Storm,72,{F},0
Phanpy,Pok�mon,Plasma Storm,71,{F},0
Beheeyem,Pok�mon,Plasma Storm,70,{P},0
Elgyem,Pok�mon,Plasma Storm,69,{P},0
Elgyem,Pok�mon,Plasma Storm,68,{P},0
Garbodor,Pok�mon,Plasma Storm,67,{P},0
Garbodor,Pok�mon,Plasma Storm,66,{P},0
Trubbish,Pok�mon,Plasma Storm,65,{P},0
Trubbish,Pok�mon,Plasma Storm,64,{P},0
Trubbish,Pok�mon,Plasma Storm,63,{P},0
Giratina,Pok�mon,Plasma Storm,62,{P},0
Gallade,Pok�mon,Plasma Storm,61,{P},0
Kirlia,Pok�mon,Plasma Storm,60,{P},0
Ralts,Pok�mon,Plasma Storm,59,{P},0
Weezing,Pok�mon,Plasma Storm,58,{P},0
Koffing,Pok�mon,Plasma Storm,57,{P},0
Koffing,Pok�mon,Plasma Storm,56,{P},0
Crobat,Pok�mon,Plasma Storm,55,{P},0
Golbat,Pok�mon,Plasma Storm,54,{P},0
Zubat,Pok�mon,Plasma Storm,53,{P},0
Zubat,Pok�mon,Plasma Storm,52,{P},0
Galvantula,Pok�mon,Plasma Storm,51,{L},0
Crobat,Pok�mon,Black & White Promos,51,{P},0
Joltik,Pok�mon,Plasma Storm,50,{L},0
Rotom,Pok�mon,Plasma Storm,49,{L},0
Zapdos-EX,Pok�mon,Plasma Storm,48,{L},0
Magnezone,Pok�mon,Plasma Storm,47,{L},0
Magnezone,Pok�mon,Plasma Storm,46,{L},0
Magneton,Pok�mon,Plasma Storm,45,{L},0
Magneton,Pok�mon,Plasma Storm,44,{L},0
Magnemite,Pok�mon,Plasma Storm,43,{L},0
Magnemite,Pok�mon,Plasma Storm,42,{L},0
Beartic,Pok�mon,Plasma Storm,41,{W},0
Jellicent,Pok�mon,Plasma Storm,39,{W},0
Cubchoo,Pok�mon,Plasma Storm,40,{W},0
Frillish,Pok�mon,Plasma Storm,38,{W},0
Vanilluxe,Pok�mon,Plasma Storm,37,{W},0
Vanillish,Pok�mon,Plasma Storm,36,{W},0
Vanillite,Pok�mon,Plasma Storm,35,{W},0
Manaphy,Pok�mon,Plasma Storm,34,{W},0
Sharpedo,Pok�mon,Plasma Storm,33,{W},0
Carvanha,Pok�mon,Plasma Storm,32,{W},0
Ludicolo,Pok�mon,Plasma Storm,31,{W},0
Lombre,Pok�mon,Plasma Storm,30,{W},0
Lotad,Pok�mon,Plasma Storm,29,{W},0
Mamoswine,Pok�mon,Plasma Storm,28,{W},0
Piloswine,Pok�mon,Plasma Storm,27,{W},0
Swinub,Pok�mon,Plasma Storm,26,{W},0
Articuno-EX,Pok�mon,Plasma Storm,25,{W},0
Squirtle,Pok�mon,Plasma Storm,24,{W},0
Heatmor,Pok�mon,Plasma Storm,23,{R},0
Lampent,Pok�mon,Plasma Storm,22,{R},0
Litwick,Pok�mon,Plasma Storm,21,{R},0
Simisear,Pok�mon,Plasma Storm,20,{R},0
Pansear,Pok�mon,Plasma Storm,19,{R},0
Victini-EX,Pok�mon,Plasma Storm,18,{R},0
Infernape,Pok�mon,Plasma Storm,17,{R},0
Monferno,Pok�mon,Plasma Storm,16,{R},0
Chimchar,Pok�mon,Plasma Storm,15,{R},0
Moltres-EX,Pok�mon,Plasma Storm,14,{R},0
Amoonguss,Pok�mon,Plasma Storm,13,{G},0
Foongus,Pok�mon,Plasma Storm,12,{G},0
Maractus,Pok�mon,Plasma Storm,11,{G},0
Leavanny,Pok�mon,Plasma Storm,10,{G},0
Swadloon,Pok�mon,Plasma Storm,9,{G},0
Sewaddle,Pok�mon,Plasma Storm,8,{G},0
Cherrim,Pok�mon,Plasma Storm,7,{G},0
Cherubi,Pok�mon,Plasma Storm,6,{G},0
Vespiquen,Pok�mon,Plasma Storm,5,{G},0
Combee,Pok�mon,Plasma Storm,4,{G},0
Torterra,Pok�mon,Plasma Storm,3,{G},0
Grotle,Pok�mon,Plasma Storm,2,{G},0
Turtwig,Pok�mon,Plasma Storm,1,{G},0
Rocky Helmet,Trainer,Boundaries Crossed,153,0,Pok�mon Tool
Altaria,Pok�mon,Boundaries Crossed,152,{N},0
Terrakion,Pok�mon,Boundaries Crossed,151,{F},0
Golurk,Pok�mon,Boundaries Crossed,150,{P},0
Skyla,Trainer,Boundaries Crossed,149,0,Supporter
Cheren,Trainer,Boundaries Crossed,148,0,Supporter
Bianca,Trainer,Boundaries Crossed,147,0,Supporter
White Kyurem-EX,Pok�mon,Boundaries Crossed,146,{N},0
Black Kyurem-EX,Pok�mon,Boundaries Crossed,145,{N},0
Landorus-EX,Pok�mon,Boundaries Crossed,144,{F},0
Cresselia-EX,Pok�mon,Boundaries Crossed,143,{P},0
Keldeo-EX,Pok�mon,Boundaries Crossed,142,{W},0
Celebi-EX,Pok�mon,Boundaries Crossed,141,{G},0
Gold Potion,Trainer,Boundaries Crossed,140,0,Item
Crystal Wall,Trainer,Boundaries Crossed,139,0,Pok�mon Tool
Crystal Edge,Trainer,Boundaries Crossed,138,0,Pok�mon Tool
Computer Search,Trainer,Boundaries Crossed,137,0,Item
Town Map,Trainer,Boundaries Crossed,136,0,Item
Switch,Trainer,Boundaries Crossed,135,0,Item
Skyla,Trainer,Boundaries Crossed,134,0,Supporter
Rocky Helmet,Trainer,Boundaries Crossed,133,0,Pok�mon Tool
Potion,Trainer,Boundaries Crossed,132,0,Item
Pok� Ball,Trainer,Boundaries Crossed,131,0,Item
Hugh,Trainer,Boundaries Crossed,130,0,Supporter
Great Ball,Trainer,Boundaries Crossed,129,0,Item
Energy Search,Trainer,Boundaries Crossed,128,0,Item
Aspertia City Gym,Trainer,Boundaries Crossed,127,0,Stadium
Audino,Pok�mon,Boundaries Crossed,126,{C},0
Unfezant,Pok�mon,Boundaries Crossed,125,{C},0
Tranquill,Pok�mon,Boundaries Crossed,124,{C},0
Pidove,Pok�mon,Boundaries Crossed,123,{C},0
Stoutland,Pok�mon,Boundaries Crossed,122,{C},0
Herdier,Pok�mon,Boundaries Crossed,121,{C},0
Lillipup,Pok�mon,Boundaries Crossed,120,{C},0
Watchog,Pok�mon,Boundaries Crossed,119,{C},0
Patrat,Pok�mon,Boundaries Crossed,118,{C},0
Lopunny,Pok�mon,Boundaries Crossed,117,{C},0
Buneary,Pok�mon,Boundaries Crossed,116,{C},0
Spinda,Pok�mon,Boundaries Crossed,115,{C},0
Delcatty,Pok�mon,Boundaries Crossed,114,{C},0
Skitty,Pok�mon,Boundaries Crossed,113,{C},0
Taillow,Pok�mon,Boundaries Crossed,112,{C},0
Dunsparce,Pok�mon,Boundaries Crossed,111,{C},0
Togepi,Pok�mon,Boundaries Crossed,110,{C},0
Snorlax,Pok�mon,Boundaries Crossed,109,{C},0
Ditto,Pok�mon,Boundaries Crossed,108,{C},0
Farfetch�d,Pok�mon,Boundaries Crossed,107,{C},0
Meowth,Pok�mon,Boundaries Crossed,106,{C},0
Raticate,Pok�mon,Boundaries Crossed,105,{C},0
Rattata,Pok�mon,Boundaries Crossed,104,{C},0
White Kyurem-EX,Pok�mon,Boundaries Crossed,103,{N},0
White Kyurem,Pok�mon,Boundaries Crossed,102,{N},0
Black Kyurem-EX,Pok�mon,Boundaries Crossed,101,{N},0
Black Kyurem,Pok�mon,Boundaries Crossed,100,{N},0
Flygon,Pok�mon,Boundaries Crossed,99,{N},0
Vibrava,Pok�mon,Boundaries Crossed,98,{N},0
Klink,Pok�mon,Boundaries Crossed,97,{M},0
Skarmory,Pok�mon,Boundaries Crossed,96,{M},0
Skarmory,Pok�mon,Boundaries Crossed,95,{M},0
Scizor,Pok�mon,Boundaries Crossed,94,{M},0
Mandibuzz,Pok�mon,Boundaries Crossed,93,{D},0
Vullaby,Pok�mon,Boundaries Crossed,92,{D},0
Liepard,Pok�mon,Boundaries Crossed,91,{D},0
Purrloin,Pok�mon,Boundaries Crossed,90,{D},0
Landorus-EX,Pok�mon,Boundaries Crossed,89,{F},0
Mienshao,Pok�mon,Boundaries Crossed,88,{F},0
Mienfoo,Pok�mon,Boundaries Crossed,87,{F},0
Mienfoo,Pok�mon,Boundaries Crossed,86,{F},0
Crustle,Pok�mon,Boundaries Crossed,85,{F},0
Dwebble,Pok�mon,Boundaries Crossed,84,{F},0
Trapinch,Pok�mon,Boundaries Crossed,83,{F},0
Makuhita,Pok�mon,Boundaries Crossed,82,{F},0
Gliscor,Pok�mon,Boundaries Crossed,81,{F},0
Gligar,Pok�mon,Boundaries Crossed,80,{F},0
Sandslash,Pok�mon,Boundaries Crossed,79,{F},0
Sandshrew,Pok�mon,Boundaries Crossed,78,{F},0
Meloetta,Pok�mon,Boundaries Crossed,77,{P},0
Gothorita,Pok�mon,Boundaries Crossed,76,{P},0
Gothita,Pok�mon,Boundaries Crossed,75,{P},0
Scolipede,Pok�mon,Boundaries Crossed,74,{P},0
Whirlipede,Pok�mon,Boundaries Crossed,73,{P},0
Venipede,Pok�mon,Boundaries Crossed,72,{P},0
Swoobat,Pok�mon,Boundaries Crossed,71,{P},0
Woobat,Pok�mon,Boundaries Crossed,70,{P},0
Musharna,Pok�mon,Boundaries Crossed,69,{P},0
Munna,Pok�mon,Boundaries Crossed,68,{P},0
Cresselia-EX,Pok�mon,Boundaries Crossed,67,{P},0
Toxicroak,Pok�mon,Boundaries Crossed,66,{P},0
Croagunk,Pok�mon,Boundaries Crossed,65,{P},0
Croagunk,Pok�mon,Boundaries Crossed,64,{P},0
Dusknoir,Pok�mon,Boundaries Crossed,63,{P},0
Dusclops,Pok�mon,Boundaries Crossed,62,{P},0
Duskull,Pok�mon,Boundaries Crossed,61,{P},0
Grumpig,Pok�mon,Boundaries Crossed,60,{P},0
Spoink,Pok�mon,Boundaries Crossed,59,{P},0
Wobbuffet,Pok�mon,Boundaries Crossed,58,{P},0
Zebstrika,Pok�mon,Boundaries Crossed,57,{L},0
Blitzle,Pok�mon,Boundaries Crossed,56,{L},0
Chinchou,Pok�mon,Boundaries Crossed,55,{L},0
Electivire,Pok�mon,Boundaries Crossed,54,{L},0
Pikachu,Pok�mon,Black & White Promos,54,{L},0
Electabuzz,Pok�mon,Boundaries Crossed,53,{L},0
Flygon,Pok�mon,Black & White Promos,53,{N},0
Electrode,Pok�mon,Boundaries Crossed,52,{L},0
Voltorb,Pok�mon,Boundaries Crossed,51,{L},0
Pikachu,Pok�mon,Boundaries Crossed,50,{L},0
Keldeo-EX,Pok�mon,Boundaries Crossed,49,{W},0
Keldeo,Pok�mon,Boundaries Crossed,48,{W},0
Keldeo,Pok�mon,Boundaries Crossed,47,{W},0
Cryogonal,Pok�mon,Boundaries Crossed,46,{W},0
Jellicent,Pok�mon,Boundaries Crossed,45,{W},0
Frillish,Pok�mon,Boundaries Crossed,44,{W},0
Swanna,Pok�mon,Boundaries Crossed,43,{W},0
Ducklett,Pok�mon,Boundaries Crossed,42,{W},0
Samurott,Pok�mon,Boundaries Crossed,41,{W},0
Dewott,Pok�mon,Boundaries Crossed,40,{W},0
Oshawott,Pok�mon,Boundaries Crossed,39,{W},0
Delibird,Pok�mon,Boundaries Crossed,38,{W},0
Azumarill,Pok�mon,Boundaries Crossed,37,{W},0
Marill,Pok�mon,Boundaries Crossed,36,{W},0
Golduck,Pok�mon,Boundaries Crossed,35,{W},0
Golduck,Pok�mon,Boundaries Crossed,34,{W},0
Psyduck,Pok�mon,Boundaries Crossed,33,{W},0
Psyduck,Pok�mon,Boundaries Crossed,32,{W},0
Blastoise,Pok�mon,Boundaries Crossed,31,{W},0
Wartortle,Pok�mon,Boundaries Crossed,30,{W},0
Squirtle,Pok�mon,Boundaries Crossed,29,{W},0
Darmanitan,Pok�mon,Boundaries Crossed,28,{R},0
Darumaka,Pok�mon,Boundaries Crossed,27,{R},0
Emboar,Pok�mon,Boundaries Crossed,26,{R},0
Pignite,Pok�mon,Boundaries Crossed,25,{R},0
Tepig,Pok�mon,Boundaries Crossed,24,{R},0
Victini,Pok�mon,Boundaries Crossed,23,{R},0
Camerupt,Pok�mon,Boundaries Crossed,22,{R},0
Numel,Pok�mon,Boundaries Crossed,21,{R},0
Charizard,Pok�mon,Boundaries Crossed,20,{R},0
Charmeleon,Pok�mon,Boundaries Crossed,19,{R},0
Charmander,Pok�mon,Boundaries Crossed,18,{R},0
Lilligant,Pok�mon,Boundaries Crossed,17,{G},0
Petilil,Pok�mon,Boundaries Crossed,16,{G},0
Whimsicott,Pok�mon,Boundaries Crossed,15,{G},0
Cottonee,Pok�mon,Boundaries Crossed,14,{G},0
Serperior,Pok�mon,Boundaries Crossed,13,{G},0
Servine,Pok�mon,Boundaries Crossed,12,{G},0
Snivy,Pok�mon,Boundaries Crossed,11,{G},0
Shaymin,Pok�mon,Boundaries Crossed,10,{G},0
Celebi-EX,Pok�mon,Boundaries Crossed,9,{G},0
Heracross,Pok�mon,Boundaries Crossed,8,{G},0
Scyther,Pok�mon,Boundaries Crossed,7,{G},0
Tangrowth,Pok�mon,Boundaries Crossed,6,{G},0
Tangela,Pok�mon,Boundaries Crossed,5,{G},0
Bellossom,Pok�mon,Boundaries Crossed,4,{G},0
Vileplume,Pok�mon,Boundaries Crossed,3,{G},0
Gloom,Pok�mon,Boundaries Crossed,2,{G},0
Oddish,Pok�mon,Boundaries Crossed,1,{G},0
Kyurem,Pok�mon,Dragon Vault,21,{N},0
Super Rod,Trainer,Dragon Vault,20,0,Item
First Ticket,Trainer,Dragon Vault,19,0,Item
Exp. Share,Trainer,Dragon Vault,18,0,Pok�mon Tool
Druddigon,Pok�mon,Dragon Vault,17,{N},0
Haxorus,Pok�mon,Dragon Vault,16,{N},0
Fraxure,Pok�mon,Dragon Vault,15,{N},0
Fraxure,Pok�mon,Dragon Vault,14,{N},0
Axew,Pok�mon,Dragon Vault,13,{N},0
Axew,Pok�mon,Dragon Vault,12,{N},0
Rayquaza,Pok�mon,Dragon Vault,11,{N},0
Latios,Pok�mon,Dragon Vault,10,{N},0
Latias,Pok�mon,Dragon Vault,9,{N},0
Salamence,Pok�mon,Dragon Vault,8,{N},0
Shelgon,Pok�mon,Dragon Vault,7,{N},0
Bagon,Pok�mon,Dragon Vault,6,{N},0
Dragonite,Pok�mon,Dragon Vault,5,{N},0
Dragonair,Pok�mon,Dragon Vault,4,{N},0
Dragonair,Pok�mon,Dragon Vault,3,{N},0
Dratini,Pok�mon,Dragon Vault,2,{N},0
Dratini,Pok�mon,Dragon Vault,1,{N},0
Lillipup,Pok�mon,Black & White Promos,52,{C},0
Tropical Beach,Trainer,Black & White Promos,50,0,Stadium
Lilligant,Pok�mon,Black & White Promos,49,{G},0
Altaria,Pok�mon,Black & White Promos,48,{N},0
Rayquaza-EX,Pok�mon,Black & White Promos,47,{N},0
Darkrai-EX,Pok�mon,Black & White Promos,46,{D},0
Mewtwo-EX,Pok�mon,Black & White Promos,45,{P},0
Kyurem,Pok�mon,Black & White Promos,44,{W},0
Rayquaza,Pok�mon,Dragons Exalted,128,{N},0
Krookodile,Pok�mon,Dragons Exalted,127,{D},0
Reuniclus,Pok�mon,Dragons Exalted,126,{P},0
Serperior,Pok�mon,Dragons Exalted,125,{G},0
Giratina-EX,Pok�mon,Dragons Exalted,124,{N},0
Rayquaza-EX,Pok�mon,Dragons Exalted,123,{N},0
Registeel-EX,Pok�mon,Dragons Exalted,122,{M},0
Terrakion-EX,Pok�mon,Dragons Exalted,121,{F},0
Mew-EX,Pok�mon,Dragons Exalted,120,{P},0
Ho-Oh-EX,Pok�mon,Dragons Exalted,119,{R},0
Blend Energy {W}{L}{F}{M},Energy,Dragons Exalted,118,{R},0
Blend Energy {G}{R}{P}{D},Energy,Dragons Exalted,117,{R},0
Tool Scrapper,Trainer,Dragons Exalted,116,0,Item
Rescue Scarf,Trainer,Dragons Exalted,115,0,Pok�mon Tool
Giant Cape,Trainer,Dragons Exalted,114,0,Pok�mon Tool
Devolution Spray,Trainer,Dragons Exalted,113,0,Item
Braviary,Pok�mon,Dragons Exalted,112,{C},0
Rufflet,Pok�mon,Dragons Exalted,111,{C},0
Bouffalant,Pok�mon,Dragons Exalted,110,{C},0
Minccino,Pok�mon,Dragons Exalted,109,{C},0
Audino,Pok�mon,Dragons Exalted,108,{C},0
Bibarel,Pok�mon,Dragons Exalted,107,{C},0
Bidoof,Pok�mon,Dragons Exalted,106,{C},0
Swablu,Pok�mon,Dragons Exalted,105,{C},0
Swablu,Pok�mon,Dragons Exalted,104,{C},0
Slaking,Pok�mon,Dragons Exalted,103,{C},0
Vigoroth,Pok�mon,Dragons Exalted,102,{C},0
Slakoth,Pok�mon,Dragons Exalted,101,{C},0
Ambipom,Pok�mon,Dragons Exalted,100,{C},0
Aipom,Pok�mon,Dragons Exalted,99,{C},0
Hydreigon,Pok�mon,Dragons Exalted,98,{N},0
Hydreigon,Pok�mon,Dragons Exalted,97,{N},0
Zweilous,Pok�mon,Dragons Exalted,96,{N},0
Zweilous,Pok�mon,Dragons Exalted,95,{N},0
Deino,Pok�mon,Dragons Exalted,94,{N},0
Deino,Pok�mon,Dragons Exalted,93,{N},0
Giratina-EX,Pok�mon,Dragons Exalted,92,{N},0
Garchomp,Pok�mon,Dragons Exalted,91,{N},0
Garchomp,Pok�mon,Dragons Exalted,90,{N},0
Gabite,Pok�mon,Dragons Exalted,89,{N},0
Gabite,Pok�mon,Dragons Exalted,88,{N},0
Gible,Pok�mon,Dragons Exalted,87,{N},0
Gible,Pok�mon,Dragons Exalted,86,{N},0
Rayquaza-EX,Pok�mon,Dragons Exalted,85,{N},0
Altaria,Pok�mon,Dragons Exalted,84,{N},0
Durant,Pok�mon,Dragons Exalted,83,{M},0
Probopass,Pok�mon,Dragons Exalted,82,{M},0
Registeel-EX,Pok�mon,Dragons Exalted,81,{M},0
Aggron,Pok�mon,Dragons Exalted,80,{M},0
Lairon,Pok�mon,Dragons Exalted,79,{M},0
Aron,Pok�mon,Dragons Exalted,78,{M},0
Skuntank,Pok�mon,Dragons Exalted,77,{D},0
Stunky,Pok�mon,Dragons Exalted,76,{D},0
Houndoom,Pok�mon,Dragons Exalted,75,{D},0
Houndour,Pok�mon,Dragons Exalted,74,{D},0
Honchkrow,Pok�mon,Dragons Exalted,73,{D},0
Murkrow,Pok�mon,Dragons Exalted,72,{D},0
Terrakion-EX,Pok�mon,Dragons Exalted,71,{F},0
Stunfisk,Pok�mon,Dragons Exalted,70,{F},0
Sawk,Pok�mon,Dragons Exalted,69,{F},0
Throh,Pok�mon,Dragons Exalted,68,{F},0
Gigalith,Pok�mon,Dragons Exalted,67,{F},0
Boldore,Pok�mon,Dragons Exalted,66,{F},0
Roggenrola,Pok�mon,Dragons Exalted,65,{F},0
Claydol,Pok�mon,Dragons Exalted,64,{F},0
Baltoy,Pok�mon,Dragons Exalted,63,{F},0
Nosepass,Pok�mon,Dragons Exalted,62,{F},0
Marowak,Pok�mon,Dragons Exalted,61,{F},0
Cubone,Pok�mon,Dragons Exalted,60,{F},0
Golurk,Pok�mon,Dragons Exalted,59,{P},0
Golett,Pok�mon,Dragons Exalted,58,{P},0
Gothitelle,Pok�mon,Dragons Exalted,57,{P},0
Gothorita,Pok�mon,Dragons Exalted,56,{P},0
Gothita,Pok�mon,Dragons Exalted,55,{P},0
Garbodor,Pok�mon,Dragons Exalted,54,{P},0
Trubbish,Pok�mon,Dragons Exalted,53,{P},0
Sigilyph,Pok�mon,Dragons Exalted,52,{P},0
Drifblim,Pok�mon,Dragons Exalted,51,{P},0
Drifloon,Pok�mon,Dragons Exalted,50,{P},0
Drifloon,Pok�mon,Dragons Exalted,49,{P},0
Shedinja,Pok�mon,Dragons Exalted,48,{P},0
Dustox,Pok�mon,Dragons Exalted,47,{P},0
Mew-EX,Pok�mon,Dragons Exalted,46,{P},0
Emolga,Pok�mon,Dragons Exalted,45,{L},0
Manectric,Pok�mon,Dragons Exalted,44,{L},0
Manectric,Pok�mon,Dragons Exalted,43,{L},0
Electrike,Pok�mon,Dragons Exalted,42,{L},0
